,1411812294219,41.1779401,-8.5984765,0.0,36.0
0,1411812299936,41.17808852,-8.59842857,196.8000030517578,14.0
1,1411812300929,41.17801052,-8.59849317,210.8000030517578,12.0
2,1411812301934,41.17805017,-8.5984529,209.6999969482422,13.0
3,1411812303934,41.17798777,-8.59844776,209.6999969482422,7.0
4,1411812305000,41.17805055,-8.59838247,202.5,4.0
5,1411812313781,41.17797,-8.5979573,0.0,48.0
6,1411812333827,41.1779685,-8.5980244,0.0,45.0
7,1411812353806,41.1779767,-8.5981709,0.0,45.0
8,1411812373870,41.1779328,-8.5981102,0.0,39.0
9,1411812393861,41.1779713,-8.5980193,0.0,42.0
10,1411812413866,41.1779786,-8.5979693,0.0,52.5
11,1411812433925,41.1779752,-8.5979763,0.0,54.0
12,1411812438000,41.17799854,-8.59841743,199.5,4.0
13,1411812441000,41.17794677,-8.59843982,198.0,4.0
14,1411812443000,41.17789948,-8.59846232,197.1999969482422,4.0
15,1411812445000,41.17784395,-8.59848751,196.5,4.0
16,1411812447000,41.17778824,-8.59850803,194.3999938964844,4.0
17,1411812449000,41.17773675,-8.59852736,192.10000610351565,4.0
18,1411812451000,41.1776885,-8.59855304,193.6999969482422,4.0
19,1411812453000,41.1776558,-8.59860524,193.10000610351565,4.0
20,1411812455000,41.17767648,-8.59869106,190.8000030517578,10.0
21,1411812456000,41.17770269,-8.59875107,189.60000610351565,9.0
22,1411812457000,41.17776522,-8.59882206,189.5,9.0
23,1411812458000,41.177783,-8.59888466,188.6999969482422,9.0
24,1411812459000,41.17780864,-8.59895184,188.1999969482422,9.0
25,1411812460000,41.17782985,-8.59901279,187.8999938964844,9.0
26,1411812461000,41.17784705,-8.59907681,188.60000610351565,9.0
27,1411812462000,41.17786557,-8.59913762,188.1999969482422,9.0
28,1411812463000,41.17787722,-8.59920177,188.3999938964844,9.0
29,1411812465000,41.1778429,-8.5993068,187.6999969482422,10.0
30,1411812466000,41.17779831,-8.59933686,188.0,10.0
31,1411812467000,41.17775248,-8.59937001,187.60000610351565,10.0
32,1411812468000,41.17769251,-8.5993922,188.10000610351565,10.0
33,1411812469000,41.17763877,-8.59941687,187.3999938964844,10.0
34,1411812470000,41.17757601,-8.59945254,186.8999938964844,10.0
35,1411812471000,41.17751373,-8.59949225,186.1999969482422,10.0
36,1411812472000,41.1774321,-8.59954039,186.3000030517578,9.0
37,1411812473000,41.177361,-8.59958483,186.1999969482422,9.0
38,1411812474000,41.17727965,-8.59962204,185.8999938964844,9.0
39,1411812475000,41.17718825,-8.59965694,185.5,9.0
40,1411812476000,41.17710083,-8.59970524,185.60000610351565,10.0
41,1411812477000,41.17701065,-8.59974906,185.8999938964844,9.0
42,1411812478000,41.17691972,-8.59979555,185.3000030517578,9.0
43,1411812479000,41.17683288,-8.59984012,184.8000030517578,10.0
44,1411812480000,41.17674082,-8.5998935,184.8999938964844,10.0
45,1411812481000,41.17665011,-8.59994386,185.10000610351565,10.0
46,1411812482000,41.17656078,-8.59999346,184.0,10.0
47,1411812483000,41.1764727,-8.60004392,184.1999969482422,10.0
48,1411812484000,41.17638227,-8.60009442,182.8999938964844,9.0
49,1411812485000,41.17628076,-8.60013031,181.60000610351565,10.0
50,1411812486000,41.17618243,-8.60016628,181.1999969482422,10.0
51,1411812487000,41.17608316,-8.6002017,181.0,10.0
52,1411812488000,41.17598325,-8.60024137,181.0,10.0
53,1411812489000,41.17588229,-8.60026642,180.1999969482422,11.0
54,1411812490000,41.17578234,-8.60024871,179.5,10.0
55,1411812491000,41.17568556,-8.60025758,179.1999969482422,10.0
56,1411812492000,41.17558682,-8.60024928,179.3000030517578,9.0
57,1411812493000,41.17549628,-8.60023091,179.0,10.0
58,1411812494000,41.17540936,-8.60020679,179.0,10.0
59,1411812495000,41.17532717,-8.60018537,179.0,10.0
60,1411812496000,41.17526056,-8.60015886,177.5,10.0
61,1411812497000,41.17519692,-8.60014393,177.10000610351565,10.0
62,1411812498000,41.17512922,-8.60012298,177.5,11.0
63,1411812499000,41.17508169,-8.60007713,177.60000610351565,10.0
64,1411812500000,41.17502743,-8.60006042,178.0,11.0
65,1411812504000,41.17498941,-8.60000517,177.10000610351565,10.0
66,1411812535000,41.1749053,-8.59995578,176.60000610351565,10.0
67,1411812536000,41.17484111,-8.59990991,175.3000030517578,10.0
68,1411812537000,41.17476583,-8.59986848,176.8000030517578,9.0
69,1411812538000,41.17468286,-8.59980745,176.3000030517578,10.0
70,1411812539000,41.17461635,-8.59974967,177.0,10.0
71,1411812540000,41.17454164,-8.59969272,177.1999969482422,10.0
72,1411812541000,41.17445958,-8.59965114,178.10000610351565,10.0
73,1411812542000,41.17436239,-8.59961524,177.60000610351565,11.0
74,1411812543000,41.17428833,-8.5995679,177.89999389648438,11.0
75,1411812544000,41.17419758,-8.59950264,177.6999969482422,12.0
76,1411812545000,41.17410344,-8.59944484,177.6999969482422,12.0
77,1411812546000,41.17398847,-8.59939109,177.39999389648438,11.0
78,1411812547000,41.17388387,-8.59932921,177.5,11.0
79,1411812548000,41.17379574,-8.59926674,177.5,12.0
80,1411812549000,41.17368182,-8.59921664,178.1999969482422,11.0
81,1411812550000,41.17358302,-8.59914736,178.10000610351565,11.0
82,1411812551000,41.1734796,-8.59908297,178.0,11.0
83,1411812552000,41.17337434,-8.59902814,178.3000030517578,11.0
84,1411812553000,41.17326524,-8.59895159,178.60000610351565,11.0
85,1411812554000,41.17316328,-8.59889381,177.89999389648438,11.0
86,1411812555000,41.17305135,-8.59883508,177.6999969482422,11.0
87,1411812556000,41.17294281,-8.59878087,179.1999969482422,12.0
88,1411812557000,41.17282917,-8.59873409,181.8000030517578,11.0
89,1411812558000,41.1727303,-8.59867189,182.0,11.0
90,1411812559000,41.17263191,-8.59861866,181.8999938964844,11.0
91,1411812560000,41.17252836,-8.59854214,182.3000030517578,11.0
92,1411812561000,41.17243065,-8.59847195,182.3000030517578,12.0
93,1411812562000,41.172335,-8.59841621,182.5,11.0
94,1411812563000,41.17223738,-8.59834399,182.60000610351565,12.0
95,1411812564000,41.17213153,-8.59827936,182.60000610351565,12.0
96,1411812565000,41.1720265,-8.59822106,182.3000030517578,12.0
97,1411812566000,41.17192501,-8.59813954,182.3999938964844,12.0
98,1411812567000,41.17181646,-8.5980804,182.3999938964844,12.0
99,1411812568000,41.17170814,-8.59799466,183.5,12.0
100,1411812569000,41.17161266,-8.59789991,185.3999938964844,12.0
101,1411812570000,41.17150947,-8.59782688,185.60000610351565,12.0
102,1411812571000,41.17138213,-8.5977911,187.0,12.0
103,1411812572000,41.17125215,-8.59774338,187.3999938964844,12.0
104,1411812573000,41.17112314,-8.59768516,187.5,11.0
105,1411812574000,41.17104418,-8.59763395,188.60000610351565,11.0
106,1411812575000,41.17094064,-8.59759841,188.3999938964844,12.0
107,1411812576000,41.17085094,-8.59757861,188.3999938964844,11.0
108,1411812577000,41.17078042,-8.59755003,187.60000610351565,10.0
109,1411812578000,41.17070509,-8.59750666,190.3000030517578,10.0
110,1411812579000,41.17062684,-8.5974839,190.8000030517578,10.0
111,1411812580000,41.17054059,-8.59746329,191.3999938964844,10.0
112,1411812581000,41.17045499,-8.597465,193.6999969482422,10.0
113,1411812582000,41.17037498,-8.59745296,194.0,10.0
114,1411812583000,41.17029428,-8.59743661,195.1999969482422,10.0
115,1411812584000,41.17022137,-8.59740158,195.60000610351565,10.0
116,1411812585000,41.17015532,-8.59737616,195.8000030517578,10.0
117,1411812586000,41.17008644,-8.59735042,196.10000610351565,10.0
118,1411812587000,41.17001951,-8.59734327,196.1999969482422,10.0
119,1411812588000,41.16997295,-8.59734302,197.10000610351565,10.0
120,1411812590000,41.16991694,-8.59734314,197.1999969482422,10.0
121,1411812593000,41.16987709,-8.59738001,197.10000610351565,11.0
122,1411812596000,41.16985522,-8.597457349999999,197.3999938964844,12.0
123,1411812601000,41.16980828,-8.5974841,199.8000030517578,12.0
124,1411812603000,41.16975657,-8.59746038,198.8000030517578,10.0
125,1411812605000,41.16967396,-8.5974306,196.60000610351565,10.0
126,1411812606000,41.16962859,-8.59737729,196.8000030517578,10.0
127,1411812607000,41.16957496,-8.597364,196.5,10.0
128,1411812609000,41.16948951,-8.59734402,196.3000030517578,10.0
129,1411812611000,41.16941758,-8.59732255,197.8000030517578,11.0
130,1411812613000,41.16937275,-8.59729055,199.0,12.0
131,1411812616000,41.16931987,-8.59727816,201.60000610351565,13.0
132,1411813040000,41.1692963,-8.59733454,201.3999938964844,10.0
133,1411813043000,41.16921836,-8.59734593,200.3999938964844,10.0
134,1411813045000,41.16913763,-8.59736553,201.3999938964844,10.0
135,1411813046000,41.16909316,-8.59737666,201.3999938964844,10.0
136,1411813047000,41.16903399,-8.59740591,200.10000610351565,10.0
137,1411813048000,41.16898912,-8.59741083,198.6999969482422,11.0
138,1411813049000,41.16893395,-8.59741658,199.5,10.0
139,1411813050000,41.16887264,-8.59742557,200.10000610351565,11.0
140,1411813051000,41.1688071,-8.59744245,201.0,11.0
141,1411813052000,41.1687443,-8.59745802,201.3000030517578,12.0
142,1411813053000,41.16868698,-8.59748474,201.5,11.0
143,1411813054000,41.16862091,-8.59748743,201.3999938964844,10.0
144,1411813055000,41.16854749,-8.59749523,201.10000610351565,11.0
145,1411813056000,41.16847484,-8.59750962,201.10000610351565,11.0
146,1411813057000,41.1684113,-8.59752957,201.10000610351565,11.0
147,1411813058000,41.16833205,-8.59756312,201.10000610351565,11.0
148,1411813059000,41.16826323,-8.59762397,201.10000610351565,11.0
149,1411813060000,41.16818985,-8.59767684,200.3999938964844,11.0
150,1411813061000,41.16812329,-8.59771763,198.8999938964844,11.0
151,1411813062000,41.16807473,-8.59775818,199.0,11.0
152,1411813063000,41.16800045,-8.59776978,200.3999938964844,10.0
153,1411813064000,41.16792238,-8.59778136,199.8000030517578,11.0
154,1411813065000,41.16785203,-8.59783148,200.3999938964844,11.0
155,1411813066000,41.16778142,-8.59787058,201.10000610351565,12.0
156,1411813067000,41.16771284,-8.59792867,203.3000030517578,13.0
157,1411813068000,41.16765124,-8.59795787,203.8000030517578,13.0
158,1411813069000,41.16759179,-8.59799425,204.0,14.0
159,1411813070000,41.16753388,-8.59805506,205.60000610351565,14.0
160,1411813071000,41.16747248,-8.59811757,206.6999969482422,14.0
161,1411813072000,41.16740213,-8.59814353,206.5,14.0
162,1411813073000,41.16734356,-8.59819395,206.6999969482422,14.0
163,1411813075000,41.16725772,-8.59820999,207.10000610351565,12.0
164,1411813076000,41.16720657,-8.59821095,207.5,11.0
165,1411813079000,41.16715761,-8.59817015,207.10000610351565,11.0
166,1411813086000,41.16711076,-8.59819236,211.0,10.0
167,1411813090000,41.16706384,-8.59821326,211.3000030517578,10.0
168,1411813094000,41.16706361,-8.59814146,211.10000610351565,11.0
169,1411813096000,41.16704748,-8.59802953,210.0,11.0
170,1411813097000,41.16703654,-8.59796256,210.1999969482422,11.0
171,1411813098000,41.16700656,-8.59784344,210.10000610351565,10.0
172,1411813099000,41.1669928,-8.59777785,209.8999938964844,10.0
173,1411813100000,41.16698913,-8.59771411,209.8999938964844,10.0
174,1411813101000,41.16697639,-8.59764482,211.1999969482422,10.0
175,1411813102000,41.16696467,-8.59757261,210.6999969482422,10.0
176,1411813103000,41.1669402,-8.59751196,210.8999938964844,11.0
177,1411813105000,41.16691011,-8.59743365,211.1999969482422,11.0
178,1411813106000,41.16687184,-8.59739326,210.0,12.0
179,1411813107000,41.16679321,-8.59737966,207.6999969482422,12.0
180,1411813108000,41.16673497,-8.59737484,206.8000030517578,12.0
181,1411813110000,41.16662805,-8.59744929,206.6999969482422,12.0
182,1411813111000,41.16657228,-8.59747087,206.3000030517578,13.0
183,1411813112000,41.16651376,-8.59749048,206.1999969482422,13.0
184,1411813113000,41.16645588,-8.59751113,205.8999938964844,14.0
185,1411813114000,41.16639823,-8.59751924,205.5,14.0
186,1411813116000,41.16629931,-8.59754317,205.60000610351565,15.0
187,1411813118000,41.16622812,-8.59755578,206.0,13.0
188,1411813120000,41.16615729,-8.59759168,206.60000610351565,13.0
189,1411813123000,41.16609558,-8.59761804,207.10000610351565,13.0
190,1411813126000,41.1660355,-8.59766223,206.8999938964844,14.0
191,1411813128000,41.16605794,-8.59772033,207.60000610351565,12.0
192,1411813130000,41.16603712,-8.59779598,207.8000030517578,11.0
193,1411813132000,41.16601429,-8.59788529,207.8999938964844,11.0
194,1411813134000,41.16599292,-8.59798235,207.8999938964844,11.0
195,1411813140000,41.16596244,-8.59802916,207.3999938964844,10.0
196,1411813149000,41.16597769,-8.59796697,207.3999938964844,12.0
197,1411813159000,41.16597662,-8.59790636,208.5,18.0
198,1411813162000,41.16599312,-8.5978449,205.8999938964844,17.0
199,1411813178000,41.16601976,-8.59790822,207.3000030517578,13.0
200,1411813184000,41.16596866,-8.59787646,208.6999969482422,14.0
201,1411813188000,41.16593711,-8.59783374,209.60000610351565,14.0
202,1411813194000,41.16588682,-8.59783723,210.3000030517578,22.0
203,1411813211000,41.16586021,-8.59791201,211.0,14.0
204,1411813212000,41.16580275,-8.59823896,209.5,15.0
205,1411813213000,41.16575348,-8.59831357,208.60000610351565,14.0
206,1411813214000,41.16571099,-8.59835576,208.60000610351565,13.0
207,1411813215000,41.16567303,-8.59840659,208.3999938964844,13.0
208,1411813216000,41.16561219,-8.59845911,206.60000610351565,12.0
209,1411813217000,41.16554579,-8.59849239,206.3999938964844,11.0
210,1411813218000,41.16541392,-8.59855626,207.5,11.0
211,1411813220000,41.16542419,-8.5984559,205.10000610351565,11.0
212,1411813221000,41.16541668,-8.59834253,204.8999938964844,10.0
213,1411813222000,41.1653822,-8.59827572,206.8000030517578,10.0
214,1411813223000,41.16536714,-8.59819018,207.8000030517578,10.0
215,1411813224000,41.16536322,-8.5981154,206.8999938964844,10.0
216,1411813225000,41.16535228,-8.59805062,207.5,10.0
217,1411813226000,41.16533423,-8.59799048,207.8000030517578,11.0
218,1411813227000,41.16532736,-8.59792506,207.3999938964844,10.0
219,1411813229000,41.1653081,-8.59779413,207.3999938964844,10.0
220,1411813230000,41.16529488,-8.59773682,207.8000030517578,10.0
221,1411813232000,41.16528685,-8.59763267,206.8999938964844,10.0
222,1411813234000,41.16528019,-8.59750412,205.60000610351565,10.0
223,1411813235000,41.16526438,-8.59741908,207.1999969482422,10.0
224,1411813236000,41.16523708,-8.59731327,208.1999969482422,10.0
225,1411813237000,41.16521323,-8.59721663,210.60000610351565,10.0
226,1411813238000,41.16519985,-8.59713167,210.10000610351565,10.0
227,1411813239000,41.16518942,-8.59704864,210.0,11.0
228,1411813240000,41.1651854,-8.59694912,209.5,10.0
229,1411813241000,41.16517017,-8.59686851,209.6999969482422,10.0
230,1411813242000,41.16515532,-8.59677475,210.0,10.0
231,1411813243000,41.16513878,-8.59667873,210.6999969482422,10.0
232,1411813244000,41.16513157,-8.59658338,210.10000610351565,10.0
233,1411813245000,41.16511682,-8.59649223,210.1999969482422,11.0
234,1411813246000,41.16510699,-8.59636889,209.60000610351565,10.0
235,1411813247000,41.16509171,-8.59626737,209.1999969482422,11.0
236,1411813248000,41.16507962,-8.59615964,209.3999938964844,11.0
237,1411813249000,41.16506455,-8.59604241,208.10000610351565,11.0
238,1411813250000,41.1650508,-8.5959322,208.3000030517578,10.0
239,1411813251000,41.1650371,-8.59582188,209.1999969482422,11.0
240,1411813252000,41.16502311,-8.5957088,207.10000610351565,10.0
241,1411813253000,41.16501769,-8.59560719,207.0,10.0
242,1411813254000,41.16500538,-8.59550563,207.3999938964844,10.0
243,1411813255000,41.16499304,-8.59539577,207.1999969482422,10.0
244,1411813256000,41.16498146,-8.5953184,207.8000030517578,10.0
245,1411813257000,41.16497611,-8.5952431,208.3999938964844,10.0
246,1411813258000,41.16496727,-8.59516018,208.3000030517578,11.0
247,1411813259000,41.16495813,-8.59508561,208.5,11.0
248,1411813260000,41.16493288,-8.59503525,209.0,10.0
249,1411813262000,41.16492674,-8.59496362,209.5,10.0
250,1411813266000,41.16490587,-8.59488119,209.5,10.0
251,1411813268000,41.1649009,-8.59479079,208.0,10.0
252,1411813269000,41.16488887,-8.59472505,209.5,10.0
253,1411813270000,41.1648753,-8.59464052,209.3000030517578,10.0
254,1411813271000,41.16486081,-8.59456059,210.3000030517578,10.0
255,1411813272000,41.16485664,-8.5944472,209.5,10.0
256,1411813273000,41.16484165,-8.59433466,208.8999938964844,10.0
257,1411813274000,41.16482873,-8.59424558,208.10000610351565,10.0
258,1411813275000,41.16482272,-8.59413497,208.0,10.0
259,1411813276000,41.16480188,-8.59405643,208.0,10.0
260,1411813277000,41.16479346,-8.593956,208.1999969482422,10.0
261,1411813278000,41.16479173,-8.5938576,208.3000030517578,10.0
262,1411813279000,41.1647853,-8.59376662,208.6999969482422,10.0
263,1411813280000,41.16477576,-8.59366992,209.6999969482422,10.0
264,1411813281000,41.16476145,-8.59360179,209.5,11.0
265,1411813283000,41.16475733,-8.5934965,210.10000610351565,11.0
266,1411813285000,41.16481182,-8.59346021,208.10000610351565,11.0
267,1411813286000,41.16483021,-8.59356671,206.3000030517578,10.0
268,1411813288000,41.1648526,-8.59367512,206.60000610351565,10.0
269,1411813289000,41.16486426,-8.59374619,205.8000030517578,11.0
270,1411813290000,41.164879,-8.59382114,206.3000030517578,11.0
271,1411813291000,41.16487773,-8.59392174,206.8000030517578,11.0
272,1411813292000,41.16488952,-8.59400975,206.3999938964844,11.0
273,1411813293000,41.16489903,-8.594113,206.5,12.0
274,1411813294000,41.16490663,-8.59420354,206.6999969482422,12.0
275,1411813295000,41.16491947,-8.5943046,206.8000030517578,13.0
276,1411813296000,41.16496009,-8.59438073,205.8000030517578,13.0
277,1411813297000,41.16495975,-8.59450697,206.1999969482422,12.0
278,1411813298000,41.16500729,-8.59460314,204.60000610351565,12.0
279,1411813299000,41.16506984,-8.59471687,203.5,13.0
280,1411813300000,41.16509072,-8.59481854,203.8999938964844,13.0
281,1411813301000,41.16512867,-8.59491774,205.3000030517578,12.0
282,1411813302000,41.16515232,-8.59498772,206.60000610351565,13.0
283,1411813303000,41.16515232,-8.59508661,206.1999969482422,13.0
284,1411813304000,41.16515318,-8.59518254,206.3000030517578,14.0
285,1411813305000,41.1651207,-8.59530589,206.10000610351565,13.0
286,1411813306000,41.16512568,-8.59539581,205.6999969482422,12.0
287,1411813307000,41.16511384,-8.5955036,205.3999938964844,12.0
288,1411813308000,41.16512188,-8.59556367,204.8000030517578,12.0
289,1411813309000,41.16510049,-8.59564014,204.60000610351565,12.0
290,1411813312000,41.1650847,-8.59572168,205.60000610351565,11.0
291,1411813314000,41.16504755,-8.59566129,210.8999938964844,10.0
292,1411813316000,41.16496736,-8.59562259,210.8000030517578,11.0
293,1411813318000,41.16496533,-8.59545956,209.1999969482422,10.0
294,1411813319000,41.16496208,-8.59539093,208.3000030517578,11.0
295,1411813320000,41.16495184,-8.59529784,208.0,10.0
296,1411813321000,41.16494355,-8.59521742,207.5,10.0
297,1411813322000,41.16492549,-8.59514969,207.8999938964844,10.0
298,1411813323000,41.16491759,-8.59506194,208.10000610351565,11.0
299,1411813324000,41.16489969,-8.59495529,206.8000030517578,10.0
300,1411813325000,41.16487624,-8.59486454,208.0,10.0
301,1411813326000,41.16486693,-8.59478882,208.10000610351565,11.0
302,1411813327000,41.16486196,-8.59467129,208.8999938964844,10.0
303,1411813328000,41.16485299,-8.59458214,209.3999938964844,10.0
304,1411813329000,41.16483572,-8.59445412,209.0,10.0
305,1411813330000,41.16482256,-8.59434299,208.3000030517578,10.0
306,1411813331000,41.16480555,-8.59422184,209.5,10.0
307,1411813332000,41.16480018,-8.59410952,209.5,10.0
308,1411813333000,41.16478374,-8.59400163,209.1999969482422,10.0
309,1411813334000,41.16477517,-8.59390021,209.1999969482422,11.0
310,1411813335000,41.16475749,-8.59379289,208.6999969482422,10.0
311,1411813336000,41.16473796,-8.59368446,208.60000610351565,10.0
312,1411813337000,41.16472623,-8.59357788,208.8999938964844,10.0
313,1411813338000,41.16471046,-8.59346332,208.3000030517578,10.0
314,1411813339000,41.16467968,-8.59335344,208.5,10.0
315,1411813340000,41.16466544,-8.59323683,208.0,11.0
316,1411813341000,41.16465387,-8.59312053,206.8000030517578,11.0
317,1411813342000,41.16463839,-8.5930136,206.1999969482422,11.0
318,1411813343000,41.16463112,-8.59289056,207.3999938964844,10.0
319,1411813344000,41.16462002,-8.59276365,206.5,9.0
320,1411813345000,41.16460067,-8.59263257,208.10000610351565,10.0
321,1411813346000,41.16458324,-8.59251005,209.3000030517578,9.0
322,1411813347000,41.16457285,-8.59238369,208.1999969482422,9.0
323,1411813348000,41.16455058,-8.59226734,208.0,10.0
324,1411813349000,41.16453227,-8.59214324,208.3999938964844,10.0
325,1411813350000,41.1645141,-8.5920397,208.5,10.0
326,1411813351000,41.16450295,-8.59192321,207.5,9.0
327,1411813352000,41.16448889,-8.59180882,206.3000030517578,9.0
328,1411813353000,41.16447111,-8.59169707,206.5,10.0
329,1411813354000,41.16445215,-8.59160475,206.3999938964844,10.0
330,1411813355000,41.16444128,-8.59151299,205.8999938964844,10.0
331,1411813356000,41.16443295,-8.59140603,206.0,10.0
332,1411813357000,41.16442514,-8.59130556,205.3000030517578,10.0
333,1411813358000,41.16441293,-8.59121254,205.3999938964844,10.0
334,1411813359000,41.16440019,-8.59111906,205.8999938964844,10.0
335,1411813360000,41.16438783,-8.59103677,205.8000030517578,10.0
336,1411813361000,41.16437574,-8.59095786,205.5,10.0
337,1411813362000,41.16437247,-8.59089069,204.6999969482422,10.0
338,1411813363000,41.16435953,-8.59082539,204.3000030517578,10.0
339,1411813364000,41.16434646,-8.59075804,204.1999969482422,10.0
340,1411813365000,41.16432925,-8.59069237,203.8000030517578,11.0
341,1411813366000,41.16430175,-8.59061865,204.0,11.0
342,1411813367000,41.1642804,-8.59054457,203.8000030517578,11.0
343,1411813368000,41.16426059,-8.59048698,203.8000030517578,11.0
344,1411813370000,41.16420898,-8.59041746,203.6999969482422,12.0
345,1411813372000,41.16417809,-8.59030987,203.60000610351565,12.0
346,1411813373000,41.16416684,-8.59024943,202.6999969482422,12.0
347,1411813374000,41.16414125,-8.5901837,202.1999969482422,10.0
348,1411813375000,41.16409111,-8.59016291,202.0,11.0
349,1411813376000,41.16404254,-8.59011576,202.1999969482422,11.0
350,1411813377000,41.16402684,-8.59005511,201.60000610351565,10.0
351,1411813378000,41.16400113,-8.58999368,201.8999938964844,10.0
352,1411813379000,41.16395551,-8.58995112,201.8999938964844,11.0
353,1411813380000,41.16394522,-8.58988144,202.10000610351565,11.0
354,1411813383000,41.16389082,-8.58982667,201.8000030517578,10.0
355,1411813385000,41.1638247,-8.58983063,203.1999969482422,10.0
356,1411813386000,41.16379238,-8.58987695,203.10000610351565,9.0
357,1411813388000,41.1637265,-8.58994831,203.8000030517578,10.0
358,1411813389000,41.16369074,-8.58998463,202.5,10.0
359,1411813390000,41.16364831,-8.59002266,202.5,10.0
360,1411813391000,41.16360152,-8.59006193,202.5,11.0
361,1411813392000,41.16354636,-8.59011449,202.10000610351565,11.0
362,1411813393000,41.16348648,-8.59015185,202.3999938964844,10.0
363,1411813394000,41.16342635,-8.59020648,202.3000030517578,10.0
364,1411813395000,41.16336682,-8.59025748,202.1999969482422,10.0
365,1411813396000,41.16330783,-8.59030822,201.8000030517578,10.0
366,1411813397000,41.16324878,-8.59036261,201.8999938964844,10.0
367,1411813398000,41.16320038,-8.59040223,201.60000610351565,10.0
368,1411813399000,41.1631475,-8.59044852,200.5,10.0
369,1411813400000,41.16308247,-8.59050041,200.60000610351565,10.0
370,1411813401000,41.16301666,-8.59054688,202.3000030517578,10.0
371,1411813402000,41.16295725,-8.59060206,201.8999938964844,10.0
372,1411813403000,41.16289842,-8.59064733,202.3000030517578,10.0
373,1411813404000,41.16283817,-8.59069736,202.6999969482422,10.0
374,1411813405000,41.16278613,-8.59074287,203.8999938964844,10.0
375,1411813406000,41.1627285,-8.5907937,204.1999969482422,10.0
376,1411813407000,41.16266904,-8.59085291,204.60000610351565,10.0
377,1411813408000,41.16263142,-8.5909004,201.60000610351565,11.0
378,1411813409000,41.16257771,-8.5909633,200.60000610351565,11.0
379,1411813410000,41.16251598,-8.5910195,201.1999969482422,11.0
380,1411813411000,41.1624513,-8.59109632,201.3999938964844,10.0
381,1411813412000,41.16236923,-8.5911662,202.3000030517578,10.0
382,1411813413000,41.16230205,-8.59120631,202.8000030517578,10.0
383,1411813414000,41.16224134,-8.59125729,202.8999938964844,10.0
384,1411813415000,41.16217404,-8.59132472,202.5,10.0
385,1411813416000,41.16211615,-8.59138421,201.8999938964844,10.0
386,1411813417000,41.16204428,-8.59145491,202.5,10.0
387,1411813418000,41.16197226,-8.59151106,202.60000610351565,10.0
388,1411813419000,41.16190138,-8.5915736,202.3000030517578,10.0
389,1411813420000,41.16182957,-8.59165132,202.5,10.0
390,1411813421000,41.16175096,-8.59170211,202.3999938964844,11.0
391,1411813422000,41.16168094,-8.59175346,202.60000610351565,12.0
392,1411813423000,41.1616381,-8.59181313,202.3999938964844,10.0
393,1411813424000,41.16156214,-8.59186312,202.5,11.0
394,1411813425000,41.16151437,-8.59189044,201.8000030517578,11.0
395,1411813426000,41.1614524,-8.59193919,202.5,10.0
396,1411813427000,41.16139225,-8.5919698,202.5,11.0
397,1411813428000,41.16132916,-8.59200551,203.6999969482422,10.0
398,1411813429000,41.16127429,-8.5920319,205.1999969482422,10.0
399,1411813430000,41.16122922,-8.59204255,206.10000610351565,10.0
400,1411813432000,41.16116523,-8.59206373,206.3999938964844,11.0
401,1411813435000,41.16112616,-8.592106,206.5,11.0
402,1411813436122,41.1615191,-8.5914797,0.0,157.0
403,1411813437000,41.16107853,-8.59215605,208.3999938964844,12.0
404,1411813441000,41.16101913,-8.5921995,208.1999969482422,10.0
405,1411813443000,41.16096133,-8.5922347,208.8999938964844,11.0
406,1411813444000,41.16091948,-8.59227996,209.1999969482422,10.0
407,1411813445000,41.16089794,-8.59238127,209.6999969482422,10.0
408,1411813446000,41.16088098,-8.59244814,210.10000610351565,10.0
409,1411813447000,41.16085593,-8.59252116,210.6999969482422,10.0
410,1411813448000,41.16082933,-8.59260021,212.10000610351565,10.0
411,1411813449000,41.16081845,-8.5926794,212.3999938964844,11.0
412,1411813450000,41.16079058,-8.59279256,212.6999969482422,10.0
413,1411813451000,41.16076916,-8.59289693,212.3000030517578,10.0
414,1411813452000,41.16074464,-8.59300133,212.6999969482422,10.0
415,1411813453000,41.16070197,-8.59311326,212.6999969482422,10.0
416,1411813454000,41.16067473,-8.59321966,212.5,10.0
417,1411813455000,41.16064272,-8.5933464,211.6999969482422,10.0
418,1411813456000,41.16061306,-8.59346964,211.8999938964844,11.0
419,1411813457000,41.16057774,-8.59358536,212.0,11.0
420,1411813458000,41.16055377,-8.5936881,212.0,11.0
421,1411813459000,41.1605887,-8.59381897,214.3000030517578,10.0
422,1411813460000,41.16059264,-8.59391613,215.1999969482422,10.0
423,1411813461000,41.16060915,-8.59401886,215.3000030517578,10.0
424,1411813462000,41.16062365,-8.59412901,215.3000030517578,10.0
425,1411813463000,41.16062641,-8.59423845,215.10000610351565,10.0
426,1411813464000,41.16064043,-8.59434076,214.3999938964844,10.0
427,1411813465000,41.16064435,-8.59444483,214.60000610351565,10.0
428,1411813466000,41.16064694,-8.59455345,214.8000030517578,10.0
429,1411813467000,41.16066451,-8.59467059,213.3000030517578,10.0
430,1411813468000,41.16067998,-8.59476875,213.5,10.0
431,1411813469000,41.16068697,-8.59487004,213.5,10.0
432,1411813470000,41.16069543,-8.59497439,213.10000610351565,10.0
433,1411813471000,41.16070937,-8.59507248,213.3999938964844,10.0
434,1411813472000,41.16071118,-8.59518125,212.8000030517578,10.0
435,1411813473000,41.16073441,-8.59528793,213.1999969482422,10.0
436,1411813474000,41.16075549,-8.59538755,213.10000610351565,10.0
437,1411813475000,41.16076019,-8.59549668,212.8000030517578,10.0
438,1411813476000,41.16076548,-8.59559033,213.1999969482422,10.0
439,1411813477000,41.1607845,-8.59569133,212.3000030517578,10.0
440,1411813478000,41.16080132,-8.59579802,212.3999938964844,10.0
441,1411813479000,41.16080662,-8.59590204,212.10000610351565,10.0
442,1411813480000,41.16082002,-8.59598863,212.60000610351565,10.0
443,1411813481000,41.16083292,-8.59607839,212.60000610351565,10.0
444,1411813482000,41.16084641,-8.59614546,212.8999938964844,10.0
445,1411813483000,41.16086364,-8.59622325,212.0,10.0
446,1411813484000,41.16087348,-8.59628637,211.8000030517578,10.0
447,1411813485000,41.16088358,-8.59637036,211.8999938964844,10.0
448,1411813486000,41.16090337,-8.5964387,213.0,10.0
449,1411813487000,41.16092264,-8.5964943,213.1999969482422,11.0
450,1411813488000,41.16093053,-8.5965713,213.10000610351565,11.0
451,1411813489000,41.16094124,-8.59669426,213.3000030517578,11.0
452,1411813490000,41.16094812,-8.59679886,213.8000030517578,12.0
453,1411813491000,41.16095564,-8.59687622,213.0,12.0
454,1411813492000,41.16097425,-8.59697542,213.1999969482422,12.0
455,1411813493000,41.16099447,-8.597069,214.0,13.0
456,1411813494000,41.16099398,-8.5972029,213.8000030517578,13.0
457,1411813495000,41.16097121,-8.59734822,213.5,13.0
458,1411813496000,41.16097175,-8.59742442,213.5,13.0
459,1411813497000,41.16099364,-8.5975711,213.3999938964844,13.0
460,1411813498000,41.16103383,-8.59767189,213.3999938964844,13.0
461,1411813499000,41.16106386,-8.59775268,213.60000610351565,13.0
462,1411813501000,41.16103264,-8.59783975,213.0,10.0
463,1411813503000,41.1610207,-8.59794146,214.8999938964844,12.0
464,1411813506000,41.16097101,-8.59799581,215.3000030517578,12.0
465,1411813517000,41.16094922,-8.5980484,220.8999938964844,14.0
466,1411813524000,41.16093082,-8.59810351,226.60000610351565,14.0
467,1411813525000,41.16093729,-8.59819141,225.1999969482422,12.0
468,1411813526000,41.16093783,-8.59825919,224.5,12.0
469,1411813527000,41.16095458,-8.59833882,224.8000030517578,11.0
470,1411813528000,41.16101277,-8.59852713,223.8999938964844,11.0
471,1411813529000,41.16103573,-8.59859153,223.60000610351565,11.0
472,1411813530000,41.16104683,-8.59865332,220.6999969482422,12.0
473,1411813531000,41.16105942,-8.59876073,220.3999938964844,12.0
474,1411813532000,41.16106667,-8.59886246,219.8999938964844,13.0
475,1411813533000,41.16109415,-8.59903383,219.5,13.0
476,1411813534000,41.16109396,-8.5991701,218.8000030517578,13.0
477,1411813535000,41.16108568,-8.59932051,218.10000610351565,14.0
478,1411813536000,41.16105008,-8.59945091,217.60000610351565,14.0
479,1411813537000,41.16109062,-8.59955589,217.8999938964844,14.0
480,1411813538000,41.16112718,-8.5996619,218.1999969482422,14.0
481,1411813539000,41.1611419,-8.59976556,218.3999938964844,15.0
482,1411813540000,41.16116097,-8.59985779,218.3999938964844,15.0
483,1411813541000,41.16119808,-8.59996745,218.1999969482422,14.0
484,1411813542000,41.16121273,-8.60004306,217.8999938964844,14.0
485,1411813543000,41.16123817,-8.60015379,217.8000030517578,14.0
486,1411813544000,41.16125587,-8.60024162,218.5,14.0
487,1411813545000,41.16124124,-8.60031013,218.8999938964844,14.0
488,1411813546000,41.16118671,-8.60038578,218.6999969482422,13.0
489,1411813547000,41.16113981,-8.60043478,218.60000610351565,11.0
490,1411813548000,41.16122119,-8.60049795,216.3000030517578,10.0
491,1411813549000,41.16115893,-8.60055253,215.3000030517578,11.0
492,1411813550000,41.16109757,-8.60059178,214.6999969482422,11.0
493,1411813551000,41.16103276,-8.60059306,213.8000030517578,10.0
494,1411813552000,41.16096503,-8.60058786,213.3000030517578,10.0
495,1411813553000,41.16088886,-8.60061906,213.0,10.0
496,1411813554000,41.16081624,-8.6006255,212.60000610351565,10.0
497,1411813555000,41.16073988,-8.60064528,212.6999969482422,10.0
498,1411813556000,41.1606535,-8.60065283,214.60000610351565,10.0
499,1411813557000,41.16056572,-8.60069031,215.3999938964844,11.0
500,1411813558000,41.1604767,-8.60073566,215.3999938964844,10.0
501,1411813559000,41.16039122,-8.60078198,215.1999969482422,11.0
502,1411813560000,41.16030502,-8.60080443,215.3999938964844,10.0
503,1411813561000,41.16022654,-8.6008393,215.5,10.0
504,1411813562000,41.16013639,-8.60085196,215.8999938964844,10.0
505,1411813563000,41.160068,-8.60087048,215.10000610351565,11.0
506,1411813564000,41.16001654,-8.60089638,215.5,11.0
507,1411813565000,41.15996301,-8.60090678,215.0,10.0
508,1411813566000,41.15990459,-8.60091413,214.3999938964844,11.0
509,1411813567000,41.15985545,-8.60094006,214.6999969482422,11.0
510,1411813568000,41.15980989,-8.60095101,215.0,10.0
511,1411813569000,41.15976411,-8.60095877,215.3000030517578,10.0
512,1411813571000,41.15968295,-8.6010037,215.3999938964844,10.0
513,1411813573000,41.15960376,-8.60103213,214.3000030517578,11.0
514,1411813574000,41.15955999,-8.60104716,214.10000610351565,11.0
515,1411813575000,41.15949831,-8.60106196,214.0,10.0
516,1411813576000,41.15944272,-8.60107528,213.8000030517578,10.0
517,1411813577000,41.15937539,-8.60110981,213.6999969482422,11.0
518,1411813578000,41.1593084,-8.60114309,214.1999969482422,10.0
519,1411813579000,41.15924389,-8.60116876,214.10000610351565,11.0
520,1411813580000,41.1591772,-8.60119107,213.3999938964844,10.0
521,1411813581000,41.15910348,-8.60125115,214.1999969482422,10.0
522,1411813582000,41.1590422,-8.60126521,214.1999969482422,11.0
523,1411813583000,41.15896469,-8.60131526,214.10000610351565,10.0
524,1411813584000,41.15888763,-8.6013523,214.10000610351565,10.0
525,1411813585000,41.15880478,-8.60139315,213.8999938964844,11.0
526,1411813586000,41.15872135,-8.60143767,213.8999938964844,11.0
527,1411813587000,41.15864233,-8.60148243,213.8999938964844,11.0
528,1411813588000,41.158547,-8.60150104,214.0,11.0
529,1411813589000,41.15845955,-8.60152678,213.8000030517578,12.0
530,1411813590000,41.15837297,-8.60156604,213.6999969482422,12.0
531,1411813591000,41.15828974,-8.60162975,213.5,12.0
532,1411813592000,41.15821827,-8.60166235,213.6999969482422,12.0
533,1411813593000,41.15813579,-8.60169142,213.6999969482422,12.0
534,1411813594000,41.15805597,-8.60170638,213.6999969482422,12.0
535,1411813595000,41.15798127,-8.60173347,213.8000030517578,12.0
536,1411813596000,41.15789047,-8.60178076,213.6999969482422,13.0
537,1411813597000,41.15781147,-8.6018199,213.60000610351565,13.0
538,1411813598000,41.157735,-8.60183964,213.0,13.0
539,1411813599000,41.15767059,-8.60186896,213.1999969482422,13.0
540,1411813600000,41.157604,-8.60191566,213.3000030517578,13.0
541,1411813601000,41.15755549,-8.60190303,213.3999938964844,12.0
542,1411813602000,41.15748855,-8.60182125,214.6999969482422,11.0
543,1411813603000,41.15740211,-8.60183343,214.5,12.0
544,1411813604000,41.15733023,-8.60185458,214.0,11.0
545,1411813605000,41.15726218,-8.60187134,213.8999938964844,12.0
546,1411813606000,41.15719268,-8.60189967,214.0,12.0
547,1411813607000,41.15711708,-8.60191709,213.8999938964844,12.0
548,1411813608000,41.15703589,-8.60196576,213.3999938964844,12.0
549,1411813609000,41.15695171,-8.60202288,213.3999938964844,12.0
550,1411813610000,41.15687965,-8.6020488,213.60000610351565,12.0
551,1411813611000,41.15679914,-8.60206893,213.6999969482422,11.0
552,1411813612000,41.15671263,-8.60210453,213.6999969482422,11.0
553,1411813613000,41.15663575,-8.60218823,212.8000030517578,11.0
554,1411813614000,41.15654598,-8.60224223,212.8000030517578,11.0
555,1411813615000,41.15644845,-8.60228325,213.10000610351565,10.0
556,1411813616000,41.15636081,-8.60231419,213.10000610351565,11.0
557,1411813617000,41.15629586,-8.60230376,213.1999969482422,11.0
558,1411813618000,41.15622246,-8.60229681,213.1999969482422,11.0
559,1411813619000,41.15614213,-8.60230085,213.8999938964844,12.0
560,1411813620000,41.15606372,-8.60231464,214.6999969482422,12.0
561,1411813621000,41.15598203,-8.60239118,215.0,11.0
562,1411813622000,41.15590972,-8.60242822,214.8999938964844,11.0
563,1411813623000,41.15582989,-8.60244672,215.5,12.0
564,1411813624000,41.15575549,-8.60248762,215.10000610351565,11.0
565,1411813625000,41.15568082,-8.60251903,215.10000610351565,11.0
566,1411813626000,41.15560021,-8.60254656,215.3000030517578,11.0
567,1411813627000,41.15552055,-8.60254191,214.5,11.0
568,1411813628000,41.15544489,-8.60260029,214.10000610351565,11.0
569,1411813629000,41.15537189,-8.60266826,212.60000610351565,10.0
570,1411813630000,41.15529096,-8.60268138,212.8999938964844,10.0
571,1411813631000,41.15521953,-8.60272455,212.60000610351565,10.0
572,1411813632000,41.15514649,-8.60275971,213.3000030517578,11.0
573,1411813633000,41.15508704,-8.60275444,215.8000030517578,10.0
574,1411813634000,41.15502804,-8.60277298,216.10000610351565,11.0
575,1411813635000,41.15497571,-8.60278935,216.3999938964844,11.0
576,1411813636000,41.1549277,-8.60279181,217.3999938964844,11.0
577,1411813637000,41.15488099,-8.6027993,216.8000030517578,11.0
578,1411813639000,41.15482077,-8.60283595,215.1999969482422,11.0
579,1411813642000,41.15477873,-8.60287999,213.10000610351565,10.0
580,1411813684000,41.1547097,-8.60290999,215.0,10.0
581,1411813686000,41.15462917,-8.6029461,215.10000610351565,9.0
582,1411813687000,41.15453326,-8.60299823,214.3000030517578,9.0
583,1411813688000,41.15447671,-8.60303353,213.8000030517578,10.0
584,1411813689000,41.1544033,-8.60305922,213.6999969482422,10.0
585,1411813690000,41.15433854,-8.60308496,213.3000030517578,10.0
586,1411813691000,41.15425902,-8.60311362,213.6999969482422,10.0
587,1411813692000,41.15419471,-8.60314403,213.0,10.0
588,1411813693000,41.15412661,-8.60319632,212.0,10.0
589,1411813694000,41.15404398,-8.60322599,211.8999938964844,10.0
590,1411813695000,41.15396605,-8.60325791,211.6999969482422,10.0
591,1411813696000,41.1538809,-8.60328696,211.3000030517578,10.0
592,1411813697000,41.1537946,-8.6033378,210.10000610351565,9.0
593,1411813698000,41.15370575,-8.60337023,209.8999938964844,9.0
594,1411813699000,41.15361207,-8.60340472,209.1999969482422,9.0
595,1411813700000,41.15352379,-8.60344132,208.3000030517578,10.0
596,1411813701000,41.15343134,-8.6034688,207.5,10.0
597,1411813702000,41.15334638,-8.60349593,207.10000610351565,10.0
598,1411813703000,41.15327099,-8.60351537,207.0,10.0
599,1411813704000,41.15318998,-8.60353939,206.6999969482422,10.0
600,1411813705000,41.15310655,-8.60356816,205.8000030517578,10.0
601,1411813706000,41.15302833,-8.60358675,204.8999938964844,10.0
602,1411813707000,41.15294726,-8.60363005,204.0,10.0
603,1411813708000,41.15286124,-8.60366885,203.3000030517578,10.0
604,1411813709000,41.15278313,-8.60371331,203.1999969482422,10.0
605,1411813710000,41.15271198,-8.60373133,202.3999938964844,9.0
606,1411813711000,41.15263558,-8.6037556,202.3000030517578,10.0
607,1411813712000,41.15256195,-8.60380303,201.5,10.0
608,1411813713000,41.15248267,-8.60382959,200.8999938964844,10.0
609,1411813714000,41.15240152,-8.60386354,200.3999938964844,10.0
610,1411813715000,41.15234066,-8.60388564,199.8000030517578,10.0
611,1411813716000,41.15227305,-8.60391638,199.3999938964844,10.0
612,1411813717000,41.15220323,-8.6039403,199.0,10.0
613,1411813718000,41.15213724,-8.60397137,198.6999969482422,10.0
614,1411813719000,41.15207233,-8.60399336,198.3000030517578,10.0
615,1411813720000,41.15200655,-8.60401572,198.5,10.0
616,1411813721000,41.15194543,-8.60404097,198.8000030517578,10.0
617,1411813722000,41.15188622,-8.60407451,198.3000030517578,10.0
618,1411813723000,41.15182279,-8.60409276,198.3000030517578,10.0
619,1411813724000,41.15175967,-8.60412061,197.8000030517578,10.0
620,1411813725000,41.151705,-8.6041355,197.3000030517578,10.0
621,1411813726000,41.15165239,-8.60416875,197.5,10.0
622,1411813727000,41.15158554,-8.60421689,196.60000610351565,10.0
623,1411813728000,41.15152345,-8.60425745,195.6999969482422,10.0
624,1411813729000,41.15146357,-8.60427452,196.0,10.0
625,1411813730000,41.15141035,-8.60430276,195.8000030517578,11.0
626,1411813731000,41.15134956,-8.60434341,195.60000610351565,11.0
627,1411813732000,41.15128781,-8.6043767,195.5,11.0
628,1411813733000,41.15124338,-8.60439304,195.3999938964844,11.0
629,1411813735000,41.151153,-8.60442574,195.10000610351565,12.0
630,1411813736000,41.15110685,-8.60445442,195.10000610351565,13.0
631,1411813738000,41.15101659,-8.60448452,194.8000030517578,14.0
632,1411813761000,41.15098433,-8.60443651,193.3000030517578,14.0
633,1411813766000,41.15093317,-8.60440567,193.1999969482422,14.0
634,1411813776000,41.15088586,-8.60442845,190.6999969482422,12.0
635,1411813778000,41.15083181,-8.60446591,190.1999969482422,11.0
636,1411813780000,41.15076833,-8.60443663,187.1999969482422,11.0
637,1411813781000,41.15072386,-8.6044239,187.10000610351565,11.0
638,1411813782000,41.15067362,-8.6044142,186.8999938964844,11.0
639,1411813783000,41.15060693,-8.6043841,186.8000030517578,11.0
640,1411813784000,41.15054175,-8.60437348,186.8999938964844,11.0
641,1411813785000,41.15047358,-8.60436579,186.8000030517578,12.0
642,1411813786000,41.15040869,-8.60436179,186.8999938964844,12.0
643,1411813787000,41.1503446,-8.60435535,186.8000030517578,12.0
644,1411813788000,41.15027495,-8.6043449,186.6999969482422,12.0
645,1411813789000,41.15021427,-8.60433679,186.3999938964844,12.0
646,1411813790000,41.15015706,-8.60434048,186.8999938964844,13.0
647,1411813791000,41.15009697,-8.60433599,186.8000030517578,14.0
648,1411813793000,41.15004178,-8.6042425,186.60000610351565,13.0
649,1411813794000,41.14999617,-8.60430138,187.0,13.0
650,1411813795000,41.14994922,-8.60431226,187.1999969482422,12.0
651,1411813797000,41.14988615,-8.60426038,187.10000610351565,11.0
652,1411813799000,41.1498328,-8.60432984,186.8000030517578,10.0
653,1411813802000,41.14978448,-8.60431685,184.1999969482422,10.0
654,1411813805000,41.14972099,-8.60430883,184.10000610351565,10.0
655,1411813807000,41.14967029,-8.60430461,184.0,10.0
656,1411813809000,41.14961098,-8.60429241,183.60000610351565,11.0
657,1411813811000,41.14954953,-8.6042808,183.10000610351565,11.0
658,1411813813000,41.14947536,-8.60427627,181.6999969482422,10.0
659,1411813815000,41.14940359,-8.60428577,179.1999969482422,10.0
660,1411813817000,41.14935303,-8.60433678,175.8000030517578,10.0
661,1411813819000,41.14932669,-8.60441729,175.10000610351565,10.0
662,1411813821000,41.14932088,-8.60450556,175.3000030517578,10.0
663,1411813823000,41.14932336,-8.60459011,175.6999969482422,10.0
664,1411813825000,41.14932598,-8.60468107,175.6999969482422,11.0
665,1411813827000,41.14933889,-8.60477657,175.10000610351565,11.0
666,1411813829000,41.14937298,-8.60487404,174.10000610351565,10.0
667,1411813830000,41.14943913,-8.60494344,174.6999969482422,11.0
668,1411813831000,41.14946976,-8.60498728,174.0,11.0
669,1411813833000,41.14949166,-8.60506883,174.1999969482422,11.0
670,1411813835000,41.14950545,-8.60515977,174.1999969482422,12.0
671,1411813837000,41.14954997,-8.60518427,173.0,12.0
672,1411813839000,41.14960379,-8.60518593,175.5,13.0
673,1411813842000,41.14964949,-8.60521054,177.6999969482422,13.0
674,1411813845000,41.14968572,-8.60527909,177.8000030517578,12.0
675,1411813847000,41.14969303,-8.60536452,177.89999389648438,12.0
676,1411813849000,41.14969017,-8.60544945,177.8000030517578,12.0
677,1411813851000,41.14967363,-8.60556119,177.1999969482422,12.0
678,1411813852000,41.14973115,-8.60574423,176.39999389648438,12.0
679,1411813853000,41.14972429,-8.6058474,175.60000610351565,12.0
680,1411813854000,41.14972501,-8.60592733,174.8000030517578,12.0
681,1411813855000,41.1497767,-8.60601209,174.3000030517578,11.0
682,1411813856000,41.14979606,-8.60610636,173.89999389648438,12.0
683,1411813858000,41.14981484,-8.60623761,173.1999969482422,12.0
684,1411813859000,41.14983808,-8.60629943,173.5,12.0
685,1411813860000,41.14983724,-8.60638676,173.39999389648438,11.0
686,1411813861000,41.14988326,-8.60650354,173.8000030517578,11.0
687,1411813862000,41.1498904,-8.60659946,174.1999969482422,11.0
688,1411813863000,41.14993372,-8.60669571,173.60000610351565,11.0
689,1411813864000,41.14996468,-8.60680101,173.39999389648438,12.0
690,1411813867000,41.14997534,-8.60687817,173.0,10.0
691,1411813886000,41.15001636,-8.60691099,164.5,12.0
692,1411813908000,41.14996984,-8.60689281,157.5,14.0
693,1411813913000,41.15002668,-8.6068797,156.60000610351565,13.0
694,1411813916000,41.15006255,-8.60695251,156.3000030517578,12.0
695,1411813918000,41.15008233,-8.60705483,155.6999969482422,11.0
696,1411813920000,41.15011435,-8.6071898,156.60000610351565,10.0
697,1411813921000,41.15015405,-8.60734822,157.39999389648438,11.0
698,1411813922000,41.15016565,-8.60742661,157.39999389648438,10.0
699,1411813923000,41.15017747,-8.60749159,157.60000610351565,11.0
700,1411813924000,41.15020052,-8.60757464,157.8000030517578,12.0
701,1411813925000,41.15022193,-8.60767905,158.5,12.0
702,1411813926000,41.15026571,-8.60777647,158.5,12.0
703,1411813927000,41.15028318,-8.607882,158.1999969482422,13.0
704,1411813928000,41.15030931,-8.60798545,158.10000610351565,13.0
705,1411813929000,41.15034006,-8.60806102,158.3000030517578,14.0
706,1411813930000,41.15033549,-8.6081551,157.8000030517578,14.0
707,1411813931000,41.15036298,-8.60825164,157.8000030517578,12.0
708,1411813932000,41.15037987,-8.60832176,158.10000610351565,12.0
709,1411813933000,41.15040556,-8.60841722,158.1999969482422,12.0
710,1411813934000,41.15043851,-8.60851117,158.3000030517578,13.0
711,1411813935000,41.15045288,-8.60859379,158.1999969482422,14.0
712,1411813936000,41.15048575,-8.6086847,158.3000030517578,14.0
713,1411813937000,41.15050599,-8.60876513,158.3000030517578,15.0
714,1411813938000,41.15052536,-8.60884248,159.5,15.0
715,1411813940000,41.15053568,-8.60896704,159.3000030517578,16.0
716,1411813941000,41.15056,-8.60902744,159.39999389648438,17.0
717,1411813942000,41.15060781,-8.60906318,158.39999389648438,17.0
718,1411813944000,41.15055062,-8.60915856,158.1999969482422,14.0
719,1411813946000,41.15055699,-8.60926014,158.6999969482422,13.0
720,1411813948000,41.1505627,-8.60934246,158.5,12.0
721,1411813950000,41.15059869,-8.60942688,157.6999969482422,11.0
722,1411813952000,41.15064208,-8.60948356,155.6999969482422,11.0
723,1411813955000,41.15062396,-8.60954238,157.39999389648438,10.0
724,1411814006000,41.15061281,-8.60964529,154.0,11.0
725,1411814008000,41.15062015,-8.60975487,155.10000610351565,11.0
726,1411814009000,41.15063636,-8.60982744,155.39999389648438,11.0
727,1411814010000,41.15069861,-8.60992525,153.5,11.0
728,1411814011000,41.15078108,-8.60995784,152.8000030517578,10.0
729,1411814012000,41.15084464,-8.61000324,155.1999969482422,10.0
730,1411814014000,41.15092924,-8.60999445,157.0,10.0
731,1411814016000,41.1509973,-8.60997169,155.60000610351565,12.0
732,1411814017000,41.15104897,-8.60994771,155.5,13.0
733,1411814018000,41.15109601,-8.60992882,155.39999389648438,14.0
734,1411814020000,41.1511525,-8.6098625,156.60000610351565,13.0
735,1411814022000,41.15120352,-8.60983218,156.10000610351565,14.0
736,1411814027000,41.1512423,-8.60979872,155.6999969482422,13.0
737,1411814052000,41.15126406,-8.60974316,160.39999389648438,12.0
738,1411814054000,41.15133273,-8.60968215,161.5,14.0
739,1411814055000,41.15139344,-8.609703,159.60000610351565,13.0
740,1411814056000,41.1514758,-8.60983531,156.89999389648438,13.0
741,1411814057000,41.15150921,-8.60988127,154.3000030517578,13.0
742,1411814059000,41.15157157,-8.60997004,149.8000030517578,13.0
743,1411814061000,41.15161394,-8.61002681,147.6999969482422,13.0
744,1411814078000,41.15166372,-8.61000951,151.10000610351565,11.0
745,1411814082000,41.15171138,-8.61007278,150.1999969482422,10.0
746,1411814084000,41.15174808,-8.6101402,151.5,11.0
747,1411814086000,41.15174391,-8.61021017,150.89999389648438,10.0
748,1411814088000,41.15168371,-8.61023891,153.0,10.0
749,1411814089000,41.15162003,-8.61023602,154.1999969482422,10.0
750,1411814091000,41.15156673,-8.61029687,155.1999969482422,12.0
751,1411814092000,41.15154516,-8.61035718,155.1999969482422,12.0
752,1411814093000,41.15156164,-8.61044204,155.0,12.0
753,1411814094000,41.15155363,-8.61054329,154.89999389648438,12.0
754,1411814095000,41.1514135,-8.61062764,156.8000030517578,11.0
755,1411814096000,41.15131091,-8.61067333,156.10000610351565,11.0
756,1411814097000,41.15121483,-8.61073452,156.0,11.0
757,1411814098000,41.15113691,-8.61079352,155.6999969482422,12.0
758,1411814099000,41.15106467,-8.61084511,156.1999969482422,11.0
759,1411814100000,41.15098273,-8.61092237,156.60000610351565,12.0
760,1411814101000,41.15087552,-8.61091346,156.39999389648438,11.0
761,1411814102000,41.15077315,-8.61093489,155.89999389648438,11.0
762,1411814103000,41.15068807,-8.61095444,155.6999969482422,11.0
763,1411814104000,41.15061544,-8.61090039,157.0,11.0
764,1411814105000,41.15053275,-8.61089686,154.1999969482422,11.0
765,1411814106000,41.15044807,-8.6108869,153.6999969482422,12.0
766,1411814107000,41.15040407,-8.6109338,154.3000030517578,11.0
767,1411814108000,41.15033681,-8.61096077,154.60000610351565,11.0
768,1411814109000,41.15027604,-8.61098627,154.6999969482422,11.0
769,1411814110000,41.15021377,-8.61102313,154.6999969482422,12.0
770,1411814111000,41.15015382,-8.61112121,155.10000610351565,12.0
771,1411814112000,41.15003649,-8.61117388,154.5,12.0
772,1411814113000,41.14994677,-8.61123212,154.3000030517578,13.0
773,1411814114000,41.14986226,-8.61126682,154.5,12.0
774,1411814115000,41.14976241,-8.61123339,154.0,11.0
775,1411814116000,41.14967181,-8.61125192,153.10000610351565,11.0
776,1411814117000,41.14957907,-8.61128997,153.1999969482422,11.0
777,1411814118000,41.14949114,-8.61131933,153.3000030517578,12.0
778,1411814119000,41.14941673,-8.61131332,153.39999389648438,12.0
779,1411814120000,41.14935552,-8.61132569,153.39999389648438,12.0
780,1411814121000,41.14929095,-8.61135861,153.39999389648438,13.0
781,1411814122000,41.14924452,-8.61137111,153.8000030517578,13.0
782,1411814123000,41.14921485,-8.61132075,154.1999969482422,12.0
783,1411814125000,41.14918556,-8.6112628,155.10000610351565,10.0
784,1411814135576,41.149258,-8.6113059,0.0,49.56100082397461
785,1411814141000,41.14910413,-8.61121525,160.1999969482422,9.0
786,1411814143000,41.14902365,-8.6112081,157.6999969482422,9.0
787,1411814144000,41.14896239,-8.61121522,157.5,10.0
788,1411814145000,41.14889278,-8.6112197,157.5,10.0
789,1411814146000,41.14882294,-8.61122403,157.89999389648438,10.0
790,1411814147000,41.14876252,-8.6112266,157.89999389648438,10.0
791,1411814148000,41.14868967,-8.61122452,157.89999389648438,10.0
792,1411814149000,41.14861808,-8.61122417,157.0,10.0
793,1411814150000,41.14855101,-8.61120859,155.89999389648438,10.0
794,1411814151000,41.14847598,-8.61120704,156.39999389648438,11.0
795,1411814152000,41.14840383,-8.61122008,156.60000610351565,11.0
796,1411814153000,41.14835057,-8.61123143,155.0,10.0
797,1411814154000,41.14828848,-8.61123897,154.6999969482422,11.0
798,1411814155000,41.14822959,-8.61125253,154.8000030517578,11.0
799,1411814154886,41.149258,-8.6113059,0.0,49.56100082397461
800,1411814157000,41.14813985,-8.61128415,153.6999969482422,11.0
801,1411814158000,41.14808809,-8.61129315,153.39999389648438,11.0
802,1411814159000,41.14804114,-8.61130603,151.39999389648438,11.0
803,1411814160000,41.14799262,-8.61131073,151.10000610351565,12.0
804,1411814161000,41.14794302,-8.61132755,151.39999389648438,11.0
805,1411814162000,41.14789172,-8.61133148,151.3000030517578,11.0
806,1411814163000,41.14784662,-8.61134882,151.5,11.0
807,1411814165000,41.1477835,-8.61138679,150.6999969482422,11.0
808,1411814167000,41.14773231,-8.61146897,148.6999969482422,12.0
809,1411814168000,41.1477224,-8.61153944,146.8000030517578,12.0
810,1411814170000,41.14768464,-8.61163671,146.5,13.0
811,1411814172000,41.14765229,-8.61173363,146.60000610351565,14.0
812,1411814174000,41.14762823,-8.61183262,146.60000610351565,15.0
813,1411814176000,41.14761331,-8.61191101,147.10000610351565,15.0
814,1411814179000,41.14760246,-8.61197183,147.1999969482422,17.0
815,1411814182000,41.14759124,-8.61203163,147.10000610351565,18.0
816,1411814185000,41.14758277,-8.61210668,147.0,19.0
817,1411814187000,41.14782385,-8.61218316,145.89999389648438,14.0
818,1411814188000,41.14787539,-8.61221442,146.3000030517578,14.0
819,1411814189000,41.14796473,-8.61226706,147.60000610351565,12.0
820,1411814190000,41.14813638,-8.61234133,148.8000030517578,13.0
821,1411814191000,41.14819016,-8.6124713,149.0,12.0
822,1411814192000,41.1482422,-8.61255278,150.6999969482422,11.0
823,1411814193000,41.14828392,-8.61268718,151.0,12.0
824,1411814194000,41.14831035,-8.61276002,150.60000610351565,12.0
825,1411814195000,41.14831435,-8.61282964,150.6999969482422,13.0
826,1411814196000,41.1482732,-8.61286105,149.0,12.0
827,1411814198000,41.14828014,-8.61298048,149.3000030517578,11.0
828,1411814199000,41.14828254,-8.61306764,149.5,12.0
829,1411814200000,41.14830363,-8.61312919,150.1999969482422,12.0
830,1411814201000,41.14827941,-8.61320685,149.89999389648438,12.0
831,1411814202000,41.14827418,-8.61327574,149.1999969482422,12.0
832,1411814203000,41.14828787,-8.61335804,149.3000030517578,13.0
833,1411814204000,41.14825127,-8.61341891,148.5,13.0
834,1411814205000,41.14824303,-8.61348521,148.5,14.0
835,1411814206000,41.14827583,-8.61355127,148.60000610351565,15.0
836,1411814207000,41.14826771,-8.6136336,148.3000030517578,15.0
837,1411814208000,41.14827374,-8.6137118,148.39999389648438,16.0
838,1411814209000,41.14826192,-8.6138048,148.1999969482422,16.0
839,1411814210000,41.14832991,-8.61385908,148.8000030517578,17.0
840,1411814211000,41.14837835,-8.61393628,149.10000610351565,17.0
841,1411814212000,41.14846438,-8.61398274,149.6999969482422,17.0
842,1411814213000,41.14841445,-8.61409228,150.3000030517578,14.0
843,1411814214000,41.14833047,-8.61419652,150.1999969482422,14.0
844,1411814215000,41.14831012,-8.61428294,150.0,14.0
845,1411814216000,41.14824166,-8.61434855,150.89999389648438,12.0
846,1411814217000,41.14815894,-8.61443257,151.10000610351565,12.0
847,1411814218000,41.14810811,-8.61444167,150.6999969482422,12.0
848,1411814220000,41.14805083,-8.61448996,151.60000610351565,12.0
849,1411814221000,41.14799318,-8.6145417,151.6999969482422,12.0
850,1411814223000,41.14793197,-8.61455239,150.60000610351565,12.0
851,1411814224000,41.14787011,-8.61455897,150.6999969482422,12.0
852,1411814225000,41.14782433,-8.6145906,151.89999389648438,12.0
853,1411814226000,41.14777233,-8.61461303,151.10000610351565,11.0
854,1411814228000,41.14768399,-8.61464252,150.8000030517578,12.0
855,1411814229000,41.14762858,-8.61467362,152.5,12.0
856,1411814231000,41.14758414,-8.6147092,152.60000610351565,11.0
857,1411814233000,41.14754025,-8.61473958,153.39999389648438,11.0
858,1411814236000,41.1474949,-8.61476075,155.5,11.0
859,1411814241000,41.14745154,-8.61479003,156.10000610351565,11.0
860,1411814255000,41.14740373,-8.61478021,156.39999389648438,11.0
861,1411814257000,41.14734266,-8.61481717,156.6999969482422,12.0
862,1411814259000,41.14727876,-8.61484881,154.3000030517578,11.0
863,1411814261000,41.14721254,-8.61489368,153.6999969482422,11.0
864,1411814263000,41.14716074,-8.61496109,154.8000030517578,12.0
865,1411814265000,41.14712366,-8.61506367,158.10000610351565,10.0
866,1411814266000,41.1471777,-8.61527632,159.10000610351565,10.0
867,1411814267000,41.14718601,-8.61538554,160.60000610351565,10.0
868,1411814268000,41.14719032,-8.61546132,160.60000610351565,10.0
869,1411814269000,41.14717566,-8.61552126,159.6999969482422,10.0
870,1411814270000,41.14718793,-8.61561196,160.3000030517578,10.0
871,1411814271000,41.14719152,-8.61567549,160.6999969482422,10.0
872,1411814272000,41.14719335,-8.61575614,161.5,11.0
873,1411814273000,41.14720215,-8.61583307,161.1999969482422,11.0
874,1411814274000,41.14720531,-8.61589866,161.5,11.0
875,1411814275000,41.14720291,-8.61596326,161.10000610351565,10.0
876,1411814276000,41.14720679,-8.61602983,160.3000030517578,11.0
877,1411814277000,41.14719783,-8.61609488,160.5,11.0
878,1411814278000,41.14718827,-8.61616161,160.1999969482422,11.0
879,1411814279000,41.14714563,-8.61620754,159.1999969482422,11.0
880,1411814280000,41.14712354,-8.61626876,159.60000610351565,11.0
881,1411814281000,41.14711706,-8.61633923,158.8000030517578,11.0
882,1411814282000,41.1471299,-8.61641751,158.60000610351565,11.0
883,1411814283000,41.14715147,-8.6164936,158.10000610351565,10.0
884,1411814284000,41.14715183,-8.61656685,158.1999969482422,10.0
885,1411814285000,41.14716633,-8.61666267,158.1999969482422,10.0
886,1411814286000,41.14716856,-8.61677234,158.0,10.0
887,1411814287000,41.14717892,-8.61687091,157.10000610351565,11.0
888,1411814288000,41.14718296,-8.61696704,157.3000030517578,11.0
889,1411814289000,41.14718703,-8.61706955,156.89999389648438,11.0
890,1411814290000,41.14718707,-8.6171613,156.5,10.0
891,1411814291000,41.14717255,-8.61727204,154.6999969482422,10.0
892,1411814292000,41.14716364,-8.61738788,155.1999969482422,10.0
893,1411814293000,41.14713725,-8.6174867,155.8000030517578,10.0
894,1411814294000,41.14713156,-8.61759455,155.6999969482422,10.0
895,1411814295000,41.1471361,-8.61769634,155.10000610351565,10.0
896,1411814296000,41.14714107,-8.6177897,155.10000610351565,10.0
897,1411814297000,41.14716796,-8.61786371,147.8000030517578,10.0
898,1411814299000,41.14709439,-8.6179173,145.60000610351565,9.0
899,1411814300000,41.14703545,-8.61791753,144.3000030517578,9.0
900,1411814301000,41.14697767,-8.61789715,144.5,9.0
901,1411814302000,41.14692265,-8.6178985,144.8000030517578,9.0
902,1411814304000,41.14685647,-8.61787602,143.89999389648438,9.0
903,1411814307000,41.14680752,-8.61786703,144.1999969482422,10.0
904,1411814342000,41.14675243,-8.61785539,144.0,9.0
905,1411814344000,41.14667389,-8.61783677,144.60000610351565,9.0
906,1411814346000,41.14658542,-8.61781267,145.10000610351565,9.0
907,1411814347000,41.14653874,-8.61780015,144.6999969482422,9.0
908,1411814348000,41.14648041,-8.61778247,144.1999969482422,9.0
909,1411814349000,41.14642767,-8.61777443,143.6999969482422,10.0
910,1411814350000,41.14637681,-8.61775703,143.6999969482422,10.0
911,1411814351000,41.14631573,-8.6177365,144.6999969482422,9.0
912,1411814352000,41.14625582,-8.61772915,144.6999969482422,9.0
913,1411814353000,41.1461941,-8.61771635,146.0,10.0
914,1411814354000,41.14611692,-8.61770275,146.3000030517578,9.0
915,1411814355000,41.14604534,-8.61768519,146.1999969482422,9.0
916,1411814356000,41.14597321,-8.61766482,146.10000610351565,9.0
917,1411814357000,41.14589901,-8.61764454,146.10000610351565,10.0
918,1411814358000,41.14582027,-8.61762819,146.5,9.0
919,1411814359000,41.14574722,-8.6176077,146.10000610351565,9.0
920,1411814360000,41.14567182,-8.61758843,145.89999389648438,9.0
921,1411814361000,41.14560091,-8.61757141,145.39999389648438,9.0
922,1411814362000,41.14553786,-8.61754867,145.6999969482422,9.0
923,1411814363000,41.14547178,-8.61753116,146.1999969482422,10.0
924,1411814365000,41.1454094,-8.61751745,144.6999969482422,9.0
925,1411814373000,41.14536323,-8.61751365,143.10000610351565,9.0
926,1411814375000,41.14530519,-8.617491,142.8000030517578,10.0
927,1411814376000,41.14526015,-8.61748055,142.6999969482422,9.0
928,1411814377000,41.14521179,-8.61746281,142.60000610351565,9.0
929,1411814378000,41.14515845,-8.61744656,142.39999389648438,9.0
930,1411814379000,41.14511224,-8.61743077,142.5,9.0
931,1411814380000,41.14504897,-8.617414459999999,142.10000610351565,10.0
932,1411814381000,41.14499804,-8.61739283,141.6999969482422,10.0
933,1411814382000,41.14493428,-8.61735453,140.89999389648438,11.0
934,1411814383000,41.14489382,-8.61731157,140.6999969482422,11.0
935,1411814384000,41.14484444,-8.6172507,140.6999969482422,11.0
936,1411814385000,41.14482602,-8.61716423,141.10000610351565,11.0
937,1411814386000,41.14481749,-8.61709928,141.39999389648438,11.0
938,1411814387000,41.14481736,-8.61703122,142.10000610351565,11.0
939,1411814388000,41.14482711,-8.61695383,142.10000610351565,11.0
940,1411814389000,41.14483093,-8.61688364,142.39999389648438,12.0
941,1411814391000,41.14485935,-8.61677896,142.89999389648438,12.0
942,1411814393000,41.14489346,-8.61666246,143.1999969482422,13.0
943,1411814395000,41.14488045,-8.61653955,143.3000030517578,14.0
944,1411814397000,41.14492082,-8.61647332,145.0,12.0
945,1411814400000,41.14497181,-8.61642392,146.6999969482422,11.0
946,1411814403000,41.14501301,-8.61637166,146.60000610351565,10.0
947,1411814406000,41.1450462,-8.61631494,145.89999389648438,10.0
948,1411814408000,41.14508327,-8.61624664,146.6999969482422,10.0
949,1411814410000,41.14512205,-8.61616321,148.60000610351565,9.0
950,1411814412000,41.14516567,-8.61607267,148.10000610351565,10.0
951,1411814413000,41.14519019,-8.61602099,148.39999389648438,10.0
952,1411814414000,41.14521483,-8.61597077,148.1999969482422,10.0
953,1411814416000,41.14526573,-8.61587299,149.8000030517578,10.0
954,1411814417000,41.14529392,-8.61582345,148.6999969482422,10.0
955,1411814418000,41.14534103,-8.61576614,148.89999389648438,9.0
956,1411814420000,41.14538372,-8.61567765,150.5,9.0
957,1411814422000,41.14542668,-8.61558658,151.1999969482422,9.0
958,1411814423000,41.14544599,-8.61553007,152.39999389648438,9.0
959,1411814425000,41.14548482,-8.61542213,152.8000030517578,10.0
960,1411814427000,41.14552952,-8.61533408,153.60000610351565,10.0
961,1411814428000,41.14555166,-8.6152727,153.8000030517578,10.0
962,1411814429000,41.14557938,-8.61521593,153.1999969482422,11.0
963,1411814430000,41.14559616,-8.61515403,153.89999389648438,11.0
964,1411814431000,41.14561396,-8.61507879,154.3000030517578,12.0
965,1411814432000,41.14561333,-8.61499278,154.3000030517578,12.0
966,1411814433000,41.14563209,-8.61492475,154.10000610351565,13.0
967,1411814434000,41.14564567,-8.6148609,155.0,13.0
968,1411814436000,41.14567918,-8.614799,154.5,14.0
969,1411814437000,41.14563415,-8.61481351,154.6999969482422,13.0
970,1411814456000,41.14568755,-8.61480432,150.89999389648438,10.0
971,1411814457000,41.14569577,-8.61466903,149.6999969482422,10.0
972,1411814458000,41.14571723,-8.6145522,149.1999969482422,11.0
973,1411814459000,41.14575012,-8.61445427,149.60000610351565,12.0
974,1411814460000,41.14575479,-8.61435861,150.39999389648438,11.0
975,1411814461000,41.14577272,-8.61427013,150.89999389648438,12.0
976,1411814462000,41.14576129,-8.61413516,148.89999389648438,10.0
977,1411814463000,41.14584039,-8.61405198,147.89999389648438,11.0
978,1411814464000,41.14585514,-8.61394306,148.10000610351565,11.0
979,1411814465000,41.14587133,-8.61384933,148.39999389648438,11.0
980,1411814466000,41.1458538,-8.61376274,148.1999969482422,11.0
981,1411814467000,41.14582506,-8.61371382,148.8000030517578,12.0
982,1411814468000,41.14584341,-8.61365891,148.39999389648438,12.0
983,1411814469000,41.14590963,-8.61360566,148.39999389648438,12.0
984,1411814471000,41.14595834,-8.61353746,148.39999389648438,12.0
985,1411814476000,41.14590549,-8.61357282,146.89999389648438,11.0
986,1411814481000,41.14586254,-8.61352202,145.8000030517578,11.0
987,1411814484000,41.14586663,-8.61341803,145.89999389648438,11.0
988,1411814485000,41.1458723,-8.61335163,146.5,11.0
989,1411814486000,41.1458775,-8.61327989,145.89999389648438,11.0
990,1411814487000,41.14590459,-8.61318033,145.60000610351565,11.0
991,1411814488000,41.14591346,-8.61311754,145.1999969482422,11.0
992,1411814489000,41.14592557,-8.61304083,145.3000030517578,11.0
993,1411814490000,41.14592887,-8.61297069,145.6999969482422,11.0
994,1411814491000,41.14593999,-8.61290059,145.39999389648438,11.0
995,1411814492000,41.14594461,-8.61283722,145.3000030517578,11.0
996,1411814494000,41.14593326,-8.61274081,142.39999389648438,11.0
997,1411814501000,41.14593475,-8.61268047,140.5,10.0
998,1411814552000,41.14596018,-8.612592,141.39999389648438,10.0
999,1411814554000,41.14596641,-8.61249542,142.10000610351565,11.0
1000,1411814556000,41.14598597,-8.61238643,141.10000610351565,11.0
1001,1411814557000,41.14599371,-8.61232611,141.89999389648438,11.0
1002,1411814558000,41.14599911,-8.61225849,142.39999389648438,11.0
1003,1411814559000,41.14600082,-8.61218324,142.8000030517578,11.0
1004,1411814560000,41.14599654,-8.61197938,143.89999389648438,10.0
1005,1411814561000,41.14600906,-8.61190978,143.1999969482422,10.0
1006,1411814562000,41.14602457,-8.61183113,143.0,10.0
1007,1411814563000,41.14602456,-8.61173454,142.89999389648438,10.0
1008,1411814564000,41.14602495,-8.61164752,143.8000030517578,10.0
1009,1411814565000,41.14602624,-8.61157342,142.89999389648438,10.0
1010,1411814566000,41.1460253,-8.61147422,142.3000030517578,10.0
1011,1411814567000,41.14602765,-8.61138933,141.5,11.0
1012,1411814569000,41.1460617,-8.61130383,139.6999969482422,11.0
1013,1411814571000,41.14617267,-8.61127138,139.6999969482422,11.0
1014,1411814572000,41.14624022,-8.6112376,139.3000030517578,11.0
1015,1411814573000,41.14631704,-8.61120573,140.10000610351565,11.0
1016,1411814574000,41.1464125,-8.61118934,139.3000030517578,12.0
1017,1411814575000,41.14648017,-8.61117182,137.89999389648438,12.0
1018,1411814576000,41.14657125,-8.61114904,139.0,13.0
1019,1411814577000,41.14666881,-8.61113096,139.0,13.0
1020,1411814578000,41.14675388,-8.61110353,140.10000610351565,14.0
1021,1411814579000,41.14683763,-8.6110943,140.8000030517578,12.0
1022,1411814578725,41.1463239,-8.6115729,0.0,47.229000091552734
1023,1411814580000,41.14689339,-8.61109405,142.60000610351565,12.0
1024,1411814581000,41.14696922,-8.61108437,142.10000610351565,12.0
1025,1411814582000,41.1470088,-8.61104834,141.89999389648438,12.0
1026,1411814584000,41.14709461,-8.61104152,142.3000030517578,12.0
1027,1411814585000,41.14714359,-8.61103879,142.3000030517578,12.0
1028,1411814587000,41.14722073,-8.61102419,142.39999389648438,11.0
1029,1411814588000,41.14726854,-8.6110102,142.3000030517578,11.0
1030,1411814590000,41.14732287,-8.61099957,141.8000030517578,12.0
1031,1411814594000,41.147393,-8.61097208,145.89999389648438,12.0
1032,1411814595030,41.1463239,-8.6115729,0.0,47.229000091552734
1033,1411814603000,41.14743772,-8.6109886,155.10000610351565,13.0
1034,1411814608000,41.14750726,-8.6110016,162.0,14.0
1035,1411814609000,41.14754879,-8.61102833,163.39999389648438,14.0
1036,1411814610000,41.14759214,-8.61106404,164.0,14.0
1037,1411814612000,41.14766113,-8.6111239,165.3000030517578,14.0
1038,1411814614000,41.14770928,-8.61117014,165.60000610351565,14.0
1039,1411814615573,41.1463239,-8.6115729,0.0,47.229000091552734
1040,1411814626000,41.14776842,-8.61121178,169.1999969482422,12.0
1041,1411814628000,41.14785388,-8.61117719,168.89999389648438,12.0
1042,1411814629000,41.14788084,-8.61112133,162.3000030517578,12.0
1043,1411814630000,41.14791944,-8.61107174,160.39999389648438,11.0
1044,1411814631000,41.14790816,-8.61091596,166.89999389648438,11.0
1045,1411814633000,41.14801062,-8.61089053,169.0,11.0
1046,1411814634000,41.14807998,-8.61085641,169.10000610351565,11.0
1047,1411814635000,41.14813568,-8.61082825,168.6999969482422,12.0
1048,1411814635096,41.1482447,-8.6108619,0.0,30.0
1049,1411814636000,41.1482207,-8.61081088,168.1999969482422,12.0
1050,1411814637000,41.14830026,-8.61080684,172.0,11.0
1051,1411814638000,41.1483736,-8.61080447,172.89999389648438,11.0
1052,1411814639000,41.14845301,-8.61078356,173.39999389648438,12.0
1053,1411814640000,41.1485378,-8.61076201,173.3000030517578,12.0
1054,1411814641000,41.14862363,-8.61073972,173.10000610351565,12.0
1055,1411814642000,41.14868754,-8.61070058,173.0,11.0
1056,1411814643000,41.14876144,-8.61066843,172.6999969482422,11.0
1057,1411814644000,41.14884778,-8.61064295,172.60000610351565,11.0
1058,1411814645000,41.14893508,-8.61060711,171.0,10.0
1059,1411814646000,41.14904423,-8.61055429,168.0,11.0
1060,1411814647000,41.14911172,-8.61049037,166.89999389648438,11.0
1061,1411814648000,41.14916738,-8.6104195,164.0,11.0
1062,1411814649000,41.14924504,-8.61036688,164.1999969482422,11.0
1063,1411814650000,41.14929995,-8.61034137,164.3000030517578,11.0
1064,1411814651000,41.14935206,-8.6103071,163.1999969482422,11.0
1065,1411814652000,41.14940767,-8.61027979,163.1999969482422,11.0
1066,1411814653000,41.14946712,-8.6102492,163.39999389648438,12.0
1067,1411814654000,41.14955708,-8.61024124,164.1999969482422,12.0
1068,1411814655000,41.14963533,-8.61022838,164.10000610351565,13.0
1069,1411814655167,41.1491354,-8.6109607,0.0,29.316999435424805
1070,1411814656000,41.14972344,-8.6101987,164.39999389648438,13.0
1071,1411814657000,41.14989121,-8.61033599,165.10000610351565,13.0
1072,1411814658000,41.14999903,-8.6103622,164.89999389648438,14.0
1073,1411814659000,41.15005708,-8.61035471,164.5,14.0
1074,1411814661000,41.15011169,-8.6103527,164.1999969482422,14.0
1075,1411814667000,41.15017631,-8.61037493,163.5,12.0
1076,1411814668000,41.15022676,-8.61039532,162.3000030517578,12.0
1077,1411814670000,41.15030237,-8.61034115,164.10000610351565,11.0
1078,1411814671000,41.15034911,-8.61031817,164.8000030517578,11.0
1079,1411814672000,41.15039608,-8.61029103,166.3000030517578,11.0
1080,1411814674000,41.15046663,-8.61024269,167.3000030517578,11.0
1081,1411814676000,41.15055732,-8.61019332,167.1999969482422,11.0
1082,1411814677000,41.15061177,-8.61014148,166.8000030517578,10.0
1083,1411814678000,41.15066333,-8.61010002,166.89999389648438,10.0
1084,1411814679000,41.15070914,-8.61005688,166.3000030517578,10.0
1085,1411814680000,41.15077539,-8.61000523,166.6999969482422,10.0
1086,1411814681000,41.15082883,-8.60995725,166.3000030517578,11.0
1087,1411814682000,41.15086939,-8.60991011,165.5,11.0
1088,1411814683000,41.15092798,-8.60987386,166.1999969482422,10.0
1089,1411814684000,41.15100784,-8.60981052,167.89999389648438,11.0
1090,1411814685000,41.15106351,-8.60976462,168.0,11.0
1091,1411814686000,41.15112922,-8.60969493,167.8000030517578,10.0
1092,1411814687000,41.15117248,-8.60965928,167.39999389648438,10.0
1093,1411814688000,41.15122695,-8.60961384,168.10000610351565,10.0
1094,1411814689000,41.15128323,-8.60955724,167.60000610351565,11.0
1095,1411814691000,41.15133281,-8.60952279,167.39999389648438,10.0
1096,1411814693000,41.15137739,-8.60950735,167.3000030517578,11.0
1097,1411814695000,41.15145464,-8.60951326,166.10000610351565,11.0
1098,1411814696000,41.15150131,-8.60953611,165.8000030517578,11.0
1099,1411814697000,41.15154678,-8.6095925,164.89999389648438,11.0
1100,1411814698000,41.15158622,-8.6096325,164.6999969482422,10.0
1101,1411814700000,41.15164749,-8.60969823,165.8000030517578,10.0
1102,1411814702000,41.1517097,-8.60976135,167.0,11.0
1103,1411814711000,41.15175462,-8.60977563,167.8000030517578,10.0
1104,1411814720000,41.15181125,-8.60980942,169.1999969482422,10.0
1105,1411814722000,41.15187801,-8.60987665,168.6999969482422,10.0
1106,1411814723000,41.15192146,-8.60991256,168.10000610351565,10.0
1107,1411814724000,41.15197619,-8.60993242,169.5,10.0
1108,1411814725000,41.15208364,-8.60990675,170.39999389648438,10.0
1109,1411814726000,41.15213104,-8.60991025,170.60000610351565,10.0
1110,1411814727000,41.15219922,-8.60990555,171.8000030517578,10.0
1111,1411814728000,41.15226594,-8.60991232,172.0,10.0
1112,1411814729000,41.15232951,-8.60991584,172.10000610351565,11.0
1113,1411814730000,41.15238963,-8.60990984,171.8000030517578,11.0
1114,1411814731000,41.15245389,-8.60991729,171.8000030517578,12.0
1115,1411814732000,41.15253322,-8.60991155,171.89999389648438,11.0
1116,1411814733000,41.15260314,-8.60990984,172.10000610351565,11.0
1117,1411814734000,41.15269812,-8.60989224,172.6999969482422,12.0
1118,1411814735000,41.15280383,-8.6098688,173.10000610351565,13.0
1119,1411814736000,41.15288949,-8.60986076,173.10000610351565,13.0
1120,1411814737000,41.15298208,-8.60984969,172.89999389648438,13.0
1121,1411814738000,41.15306013,-8.60985305,172.8000030517578,14.0
1122,1411814739000,41.15315275,-8.60982604,173.0,14.0
1123,1411814740000,41.15322695,-8.60982721,173.0,14.0
1124,1411814741000,41.1533274,-8.60980532,173.1999969482422,14.0
1125,1411814742000,41.15341439,-8.60975276,173.39999389648438,14.0
1126,1411814743000,41.15351581,-8.60972454,173.39999389648438,14.0
1127,1411814744000,41.15355653,-8.6097696,173.1999969482422,11.0
1128,1411814745000,41.15364977,-8.60976053,173.1999969482422,12.0
1129,1411814746000,41.15372884,-8.60976217,173.39999389648438,11.0
1130,1411814747000,41.15380031,-8.60977416,173.5,11.0
1131,1411814748000,41.15389757,-8.60978276,173.6999969482422,11.0
1132,1411814749000,41.15397765,-8.60979923,173.5,12.0
1133,1411814750000,41.15406379,-8.60979466,173.39999389648438,11.0
1134,1411814751000,41.15414689,-8.60977782,173.60000610351565,12.0
1135,1411814752000,41.15422774,-8.60975316,173.8000030517578,13.0
1136,1411814753000,41.15431382,-8.60973142,173.8000030517578,13.0
1137,1411814754000,41.15439664,-8.60964837,174.89999389648438,13.0
1138,1411814755000,41.15449172,-8.60960118,174.5,12.0
1139,1411814756000,41.15460421,-8.60957138,174.8000030517578,12.0
1140,1411814757000,41.15465416,-8.60948536,174.1999969482422,12.0
1141,1411814758000,41.15470345,-8.6094163,174.39999389648438,13.0
1142,1411814759000,41.1547587,-8.60937069,173.8000030517578,14.0
1143,1411814760000,41.15481195,-8.60933266,173.6999969482422,15.0
1144,1411814761000,41.15487127,-8.60929046,173.6999969482422,16.0
1145,1411814762000,41.15493603,-8.60929499,173.6999969482422,17.0
1146,1411814763000,41.15502555,-8.60932176,173.39999389648438,16.0
1147,1411814764000,41.15512263,-8.60932467,173.89999389648438,15.0
1148,1411814765000,41.15517429,-8.60930052,174.39999389648438,14.0
1149,1411814766000,41.15526452,-8.60928297,175.0,14.0
1150,1411814768000,41.15536192,-8.6092855,174.10000610351565,15.0
1151,1411814770000,41.15546072,-8.60925889,173.89999389648438,14.0
1152,1411814771000,41.15555076,-8.60924624,173.8000030517578,14.0
1153,1411814772000,41.15569991,-8.60928077,174.8000030517578,13.0
1154,1411814773000,41.15584401,-8.60924367,174.0,13.0
1155,1411814774000,41.15592847,-8.60925944,174.39999389648438,12.0
1156,1411814775000,41.15602436,-8.60923628,174.8000030517578,12.0
1157,1411814776000,41.15612607,-8.60925876,176.5,12.0
1158,1411814777000,41.15621221,-8.60923725,176.39999389648438,12.0
1159,1411814778000,41.15628833,-8.60921446,176.8000030517578,12.0
1160,1411814779000,41.15635596,-8.60920312,177.3000030517578,12.0
1161,1411814780000,41.15643596,-8.60920387,177.5,12.0
1162,1411814781000,41.15650605,-8.60918996,177.8000030517578,12.0
1163,1411814782000,41.15658081,-8.60918851,177.60000610351565,12.0
1164,1411814783000,41.15664224,-8.60917978,178.10000610351565,12.0
1165,1411814784000,41.15672041,-8.60919287,179.3000030517578,12.0
1166,1411814785000,41.15678941,-8.60917343,179.5,12.0
1167,1411814786000,41.15686186,-8.60919612,180.6999969482422,12.0
1168,1411814787000,41.15692495,-8.60919334,180.60000610351565,12.0
1169,1411814788000,41.1570023,-8.60918537,180.8999938964844,11.0
1170,1411814789000,41.15705836,-8.60919837,181.10000610351565,12.0
1171,1411814790000,41.15711341,-8.60920522,181.60000610351565,12.0
1172,1411814791000,41.15719114,-8.60919457,181.3999938964844,13.0
1173,1411814792000,41.15728328,-8.60919653,181.6999969482422,13.0
1174,1411814793000,41.15736271,-8.60920585,181.5,13.0
1175,1411814794000,41.15741234,-8.60916073,181.6999969482422,12.0
1176,1411814795000,41.15745699,-8.60913758,181.8999938964844,12.0
1177,1411814796000,41.15754265,-8.60910532,182.1999969482422,12.0
1178,1411814797000,41.15763158,-8.60906584,182.60000610351565,12.0
1179,1411814798000,41.15773997,-8.60902413,182.60000610351565,12.0
1180,1411814799000,41.15783116,-8.6089893,183.8000030517578,11.0
1181,1411814800000,41.15792549,-8.6089457,184.0,12.0
1182,1411814801000,41.15802318,-8.60890002,184.3000030517578,11.0
1183,1411814802000,41.15811211,-8.60887287,184.3999938964844,11.0
1184,1411814803000,41.15820508,-8.6088146,184.6999969482422,11.0
1185,1411814804000,41.15831384,-8.60876448,185.1999969482422,12.0
1186,1411814805000,41.15840318,-8.60873338,185.1999969482422,12.0
1187,1411814806000,41.15849306,-8.60869273,185.3000030517578,12.0
1188,1411814807000,41.15858845,-8.60865079,185.60000610351565,13.0
1189,1411814808000,41.1586707,-8.60858681,185.60000610351565,13.0
1190,1411814809000,41.15875737,-8.60856313,185.5,13.0
1191,1411814811000,41.15888988,-8.60854962,187.60000610351565,13.0
1192,1411814812000,41.15893619,-8.60851694,187.3999938964844,13.0
1193,1411814813000,41.15898947,-8.60846763,187.10000610351565,13.0
1194,1411814814000,41.15905213,-8.60844804,187.10000610351565,12.0
1195,1411814815000,41.15911686,-8.60841605,187.3999938964844,12.0
1196,1411814816000,41.15919277,-8.60835362,187.5,12.0
1197,1411814817000,41.15926618,-8.60830364,188.3999938964844,11.0
1198,1411814818000,41.15933453,-8.60825198,191.10000610351565,12.0
1199,1411814819000,41.15940582,-8.60819653,192.3999938964844,12.0
1200,1411814820000,41.15951388,-8.60813967,191.10000610351565,11.0
1201,1411814821000,41.15957942,-8.60808069,191.3000030517578,11.0
1202,1411814822000,41.15967328,-8.60802813,191.10000610351565,11.0
1203,1411814823000,41.15976957,-8.60797763,190.3999938964844,11.0
1204,1411814824000,41.15988717,-8.60792905,190.6999969482422,11.0
1205,1411814825000,41.15999889,-8.60789418,191.8000030517578,11.0
1206,1411814826000,41.16010005,-8.60785073,192.3999938964844,12.0
1207,1411814827000,41.16020698,-8.60779747,192.3999938964844,12.0
1208,1411814828000,41.16031982,-8.6077608,193.0,13.0
1209,1411814829000,41.16041513,-8.6077044,193.3000030517578,13.0
1210,1411814830000,41.16051583,-8.60765352,193.3999938964844,13.0
1211,1411814831000,41.16061087,-8.60760435,193.3000030517578,14.0
1212,1411814832000,41.1607045,-8.60759464,193.1999969482422,14.0
1213,1411814833000,41.16080265,-8.60756203,193.3000030517578,15.0
1214,1411814834000,41.16090003,-8.60752953,193.3000030517578,17.0
1215,1411814835000,41.16099547,-8.6074961,193.3000030517578,18.0
1216,1411814836000,41.16109226,-8.60746341,193.3999938964844,23.0
1217,1411814837000,41.16119536,-8.60743926,193.3999938964844,27.0
1218,1411814838000,41.161293,-8.60740917,193.5,35.0
1219,1411814839000,41.16139045,-8.60737916,193.5,43.0
1220,1411814859000,41.16350293,-8.60623231,194.3000030517578,51.0
1221,1411814860000,41.16357532,-8.60621134,194.3999938964844,43.0
1222,1411814861000,41.16375716,-8.606301,195.3999938964844,30.0
1223,1411814862000,41.16393407,-8.60630226,195.60000610351565,18.0
1224,1411814863000,41.16401723,-8.60626746,195.8000030517578,15.0
1225,1411814864000,41.16407305,-8.6062589,196.3000030517578,14.0
1226,1411814865000,41.16423147,-8.60617726,196.1999969482422,11.0
1227,1411814866000,41.16430712,-8.60615226,196.3999938964844,10.0
1228,1411814867000,41.16436218,-8.60612251,196.5,11.0
1229,1411814870000,41.16440325,-8.60614762,197.3000030517578,9.0
1230,1411814871000,41.16446454,-8.60619283,193.5,8.0
1231,1411814872000,41.16448626,-8.60612901,193.8999938964844,7.0
1232,1411814874000,41.16453291,-8.60608577,194.1999969482422,8.0
1233,1411814875000,41.16463646,-8.60613776,195.3999938964844,8.0
1234,1411814876000,41.16472968,-8.60614232,195.1999969482422,8.0
1235,1411814877000,41.16479848,-8.60617261,196.3000030517578,8.0
1236,1411814878000,41.16486968,-8.60613738,198.8000030517578,7.0
1237,1411814879000,41.16491941,-8.60615834,200.8000030517578,6.0
1238,1411814880000,41.16498962,-8.60620265,203.1999969482422,6.0
1239,1411814881000,41.165063,-8.60622445,204.3999938964844,7.0
1240,1411814882000,41.16515087,-8.60627165,203.3000030517578,6.0
1241,1411814883000,41.16526924,-8.60626496,201.1999969482422,6.0
1242,1411814884000,41.16539086,-8.60627484,201.8999938964844,5.0
1243,1411814885000,41.16549732,-8.60629893,201.10000610351565,6.0
1244,1411814886000,41.16562711,-8.60631937,199.3000030517578,5.0
1245,1411814887000,41.16575227,-8.60632603,199.5,4.0
1246,1411814888000,41.16588003,-8.606333,199.3999938964844,5.0
1247,1411814889000,41.16600254,-8.60635196,198.1999969482422,4.0
1248,1411814890000,41.16612276,-8.6063598,197.8999938964844,4.0
1249,1411814891000,41.16624134,-8.60637824,198.0,4.0
1250,1411814892000,41.16636805,-8.60639108,196.8000030517578,4.0
1251,1411814893000,41.16648813,-8.60640273,196.8999938964844,4.0
1252,1411814894000,41.1666049,-8.60640963,196.3999938964844,4.0
1253,1411814895000,41.1667334,-8.60641163,196.8999938964844,4.0
1254,1411814896000,41.16685881,-8.60641385,196.60000610351565,5.0
1255,1411814897000,41.16696897,-8.6064035,195.10000610351565,4.0
1256,1411814898000,41.1670932,-8.60640706,196.6999969482422,5.0
1257,1411814899000,41.16721787,-8.6064093,196.60000610351565,4.0
1258,1411814900000,41.16734088,-8.60641155,195.6999969482422,5.0
1259,1411814901000,41.16747376,-8.60642852,197.5,5.0
1260,1411814902000,41.16760415,-8.60644121,198.10000610351565,6.0
1261,1411814903000,41.16776186,-8.60644243,199.1999969482422,7.0
1262,1411814904000,41.16793258,-8.60641666,199.3999938964844,6.0
1263,1411814905000,41.16807711,-8.6064105,199.60000610351565,7.0
1264,1411814906000,41.16820526,-8.60639584,199.0,8.0
1265,1411814907000,41.16834234,-8.60638537,199.3000030517578,8.0
1266,1411814908000,41.16846924,-8.60639048,199.60000610351565,11.0
1267,1411814909000,41.16859165,-8.60638277,199.60000610351565,12.0
1268,1411814910000,41.16870015,-8.60638027,200.8000030517578,11.0
1269,1411814911000,41.16881907,-8.60636951,200.1999969482422,10.0
1270,1411814912000,41.16892529,-8.6063796,200.60000610351565,10.0
1271,1411814913000,41.16903028,-8.60635723,200.3999938964844,10.0
1272,1411814914000,41.16914335,-8.60630278,200.5,11.0
1273,1411814915000,41.16923794,-8.60626534,200.60000610351565,11.0
1274,1411814916000,41.16933317,-8.60621347,200.0,12.0
1275,1411814917000,41.16944285,-8.6061332,199.5,12.0
1276,1411814918000,41.16953501,-8.60606856,199.3000030517578,12.0
1277,1411814919000,41.16958596,-8.60601534,199.10000610351565,11.0
1278,1411814920000,41.16965709,-8.60592291,198.5,11.0
1279,1411814921000,41.16971059,-8.60583869,199.0,10.0
1280,1411814922000,41.16980206,-8.60575195,199.60000610351565,11.0
1281,1411814923000,41.16988792,-8.60568398,198.3999938964844,11.0
1282,1411814924000,41.16999814,-8.60560495,198.10000610351565,11.0
1283,1411814925000,41.17009012,-8.60554414,196.8999938964844,10.0
1284,1411814926000,41.17017204,-8.60548533,197.8000030517578,10.0
1285,1411814927000,41.17026044,-8.60541093,197.10000610351565,10.0
1286,1411814928000,41.17034763,-8.60533472,196.3999938964844,10.0
1287,1411814929000,41.17042527,-8.6052751,195.0,9.0
1288,1411814930000,41.17051062,-8.60520369,193.5,10.0
1289,1411814931000,41.17060609,-8.60513373,192.10000610351565,9.0
1290,1411814932000,41.17069247,-8.60506731,191.3000030517578,9.0
1291,1411814933000,41.17078799,-8.60498926,191.5,9.0
1292,1411814934000,41.17089066,-8.60490906,190.6999969482422,10.0
1293,1411814935000,41.17099076,-8.60482975,189.3999938964844,9.0
1294,1411814936000,41.17109467,-8.60474631,189.3999938964844,9.0
1295,1411814937000,41.17119931,-8.6046583,188.1999969482422,9.0
1296,1411814938000,41.17130885,-8.60456875,187.5,9.0
1297,1411814939000,41.17141898,-8.60447536,187.60000610351565,9.0
1298,1411814940000,41.17152989,-8.60437938,186.5,9.0
1299,1411814941000,41.17164286,-8.60429556,186.3000030517578,9.0
1300,1411814942000,41.17175192,-8.60422115,185.5,9.0
1301,1411814943000,41.17186209,-8.60416093,185.5,10.0
1302,1411814944000,41.17198275,-8.60412456,185.1999969482422,10.0
1303,1411814945000,41.17210365,-8.60412438,184.0,9.0
1304,1411814946000,41.17222471,-8.6041397,183.3999938964844,10.0
1305,1411814947000,41.17233845,-8.60419006,182.0,9.0
1306,1411814948000,41.17245033,-8.60426203,180.10000610351565,10.0
1307,1411814949000,41.17255555,-8.60436089,178.39999389648438,9.0
1308,1411814950000,41.17266153,-8.60447384,177.39999389648438,10.0
1309,1411814951000,41.17276118,-8.60460722,176.89999389648438,10.0
1310,1411814952000,41.17284952,-8.60475945,176.0,10.0
1311,1411814953000,41.17291753,-8.60492372,176.5,9.0
1312,1411814954000,41.17297098,-8.60508975,177.6999969482422,9.0
1313,1411814955000,41.17302027,-8.60525655,177.5,10.0
1314,1411814956000,41.17304618,-8.60539698,177.60000610351565,9.0
1315,1411814957000,41.17308163,-8.60549902,177.5,9.0
1316,1411814958000,41.17311717,-8.60556514,177.60000610351565,9.0
1317,1411814959000,41.17315834,-8.60560097,177.8000030517578,9.0
1318,1411814960000,41.17320225,-8.60563054,178.1999969482422,10.0
1319,1411814962000,41.17326066,-8.60565457,178.39999389648438,9.0
1320,1411814978000,41.1733042,-8.60563889,177.6999969482422,9.0
1321,1411815003000,41.17334897,-8.6056695,178.1999969482422,10.0
1322,1411815005000,41.1734431,-8.60567842,175.89999389648438,9.0
1323,1411815006000,41.17349768,-8.60567052,175.39999389648438,10.0
1324,1411815007000,41.17354737,-8.60563336,175.5,9.0
1325,1411815008000,41.17360279,-8.60550476,174.89999389648438,10.0
1326,1411815009000,41.17361838,-8.60541791,175.3000030517578,10.0
1327,1411815010000,41.17363622,-8.6053299,175.1999969482422,11.0
1328,1411815011000,41.17361743,-8.60521902,174.6999969482422,10.0
1329,1411815012000,41.17362004,-8.60509029,172.3000030517578,10.0
1330,1411815013000,41.17361712,-8.60497327,172.8000030517578,11.0
1331,1411815014000,41.17361669,-8.60481864,172.3000030517578,10.0
1332,1411815015000,41.17361313,-8.60468339,172.39999389648438,11.0
1333,1411815016000,41.17364753,-8.6045198,172.89999389648438,9.0
1334,1411815017000,41.17364992,-8.60437598,172.89999389648438,10.0
1335,1411815018000,41.17366325,-8.60422241,172.5,10.0
1336,1411815019000,41.17367499,-8.60407123,172.60000610351565,9.0
1337,1411815020000,41.17368664,-8.6039095,172.89999389648438,10.0
1338,1411815021000,41.17367981,-8.60375401,172.8000030517578,9.0
1339,1411815022000,41.1736828,-8.60360917,171.89999389648438,10.0
1340,1411815023000,41.17368283,-8.60344089,172.5,9.0
1341,1411815024000,41.17368558,-8.60328034,173.10000610351565,10.0
1342,1411815025000,41.17369771,-8.60312292,172.0,10.0
1343,1411815026000,41.17370375,-8.60296392,171.6999969482422,10.0
1344,1411815027000,41.1737106,-8.60280316,171.10000610351565,9.0
1345,1411815028000,41.17370963,-8.60263909,171.6999969482422,9.0
1346,1411815029000,41.17371569,-8.60247174,171.0,9.0
1347,1411815030000,41.17372339,-8.60230933,172.39999389648438,9.0
1348,1411815031000,41.1737275,-8.60214279,172.60000610351565,9.0
1349,1411815032000,41.1737328,-8.60198009,172.6999969482422,9.0
1350,1411815033000,41.17374841,-8.60180837,172.6999969482422,9.0
1351,1411815034000,41.1737597,-8.60164584,173.3000030517578,9.0
1352,1411815035000,41.17375943,-8.60149434,173.89999389648438,9.0
1353,1411815036000,41.17376098,-8.60134766,173.5,9.0
1354,1411815037000,41.17378241,-8.60120105,173.3000030517578,9.0
1355,1411815038000,41.17381212,-8.60106976,174.39999389648438,9.0
1356,1411815039000,41.17385052,-8.60095039,173.89999389648438,10.0
1357,1411815040000,41.1739051,-8.60082783,173.5,10.0
1358,1411815041000,41.17396052,-8.60073117,173.3000030517578,10.0
1359,1411815042000,41.17402053,-8.60063354,173.39999389648438,10.0
1360,1411815043000,41.17407739,-8.60054414,173.8000030517578,11.0
1361,1411815044000,41.17414152,-8.60045891,173.60000610351565,11.0
1362,1411815045000,41.1741946,-8.60038371,174.0,10.0
1363,1411815046000,41.17424948,-8.60031835,173.6999969482422,9.0
1364,1411815047000,41.17430114,-8.60025246,173.3000030517578,10.0
1365,1411815048000,41.17434746,-8.600193,173.10000610351565,11.0
1366,1411815049000,41.17440216,-8.60012919,172.8000030517578,11.0
1367,1411815050000,41.17445047,-8.60006224,172.8000030517578,11.0
1368,1411815051000,41.17448728,-8.60001354,172.6999969482422,12.0
1369,1411815052000,41.17453222,-8.59995902,172.89999389648438,11.0
1370,1411815053000,41.1745656,-8.59989842,173.10000610351565,12.0
1371,1411815054000,41.174603,-8.59985052,173.39999389648438,12.0
1372,1411815056000,41.17470176,-8.59979445,174.1999969482422,10.0
1373,1411815057000,41.17477063,-8.59978757,174.3000030517578,10.0
1374,1411815058000,41.17485068,-8.59980962,175.1999969482422,10.0
1375,1411815059000,41.17491257,-8.59983814,175.1999969482422,10.0
1376,1411815060000,41.17499391,-8.59989609,174.60000610351565,9.0
1377,1411815061000,41.1750852,-8.59994092,174.1999969482422,10.0
1378,1411815062000,41.17516725,-8.59999145,174.39999389648438,10.0
1379,1411815063000,41.17525718,-8.60004624,174.0,9.0
1380,1411815064000,41.17535557,-8.60008358,174.3000030517578,9.0
1381,1411815065000,41.17545946,-8.60012704,173.6999969482422,9.0
1382,1411815066000,41.17556046,-8.60015394,174.3000030517578,10.0
1383,1411815067000,41.17566454,-8.60015751,174.5,10.0
1384,1411815068000,41.17577401,-8.60015398,174.5,10.0
1385,1411815069000,41.17588075,-8.60014399,174.6999969482422,10.0
1386,1411815070000,41.17598846,-8.6001369,174.5,11.0
1387,1411815071000,41.17608775,-8.60011837,174.1999969482422,10.0
1388,1411815072000,41.17619845,-8.60008003,173.39999389648438,9.0
1389,1411815073000,41.17630259,-8.60003984,173.10000610351565,10.0
1390,1411815074000,41.17639523,-8.60000265,172.6999969482422,10.0
1391,1411815075000,41.17649435,-8.59993847,173.6999969482422,9.0
1392,1411815076000,41.17658318,-8.59989452,173.3000030517578,9.0
1393,1411815077000,41.17667395,-8.59984777,172.8000030517578,10.0
1394,1411815078000,41.17676595,-8.59979627,172.89999389648438,10.0
1395,1411815079000,41.17685899,-8.599758659999999,171.8000030517578,10.0
1396,1411815080000,41.17694026,-8.59972732,171.39999389648438,10.0
1397,1411815081000,41.17702834,-8.59968089,171.89999389648438,10.0
1398,1411815082000,41.17709585,-8.59964454,172.6999969482422,9.0
1399,1411815083000,41.17717111,-8.59959594,173.0,9.0
1400,1411815084000,41.17723458,-8.59955435,173.6999969482422,9.0
1401,1411815085000,41.1772932,-8.59952101,173.60000610351565,10.0
1402,1411815087000,41.17737089,-8.59948382,173.60000610351565,9.0
1403,1411815089000,41.17741208,-8.59945964,173.6999969482422,9.0
1404,1411815092000,41.17746856,-8.59943279,175.10000610351565,9.0
1405,1411815094000,41.17753894,-8.5993939,175.1999969482422,10.0
1406,1411815096000,41.17762453,-8.59934396,176.6999969482422,9.0
1407,1411815097000,41.17767399,-8.59931798,177.0,10.0
1408,1411815098000,41.17771879,-8.59929759,177.8000030517578,9.0
1409,1411815100000,41.17779377,-8.59923802,177.8000030517578,9.0
1410,1411815102000,41.17783955,-8.59913168,177.1999969482422,10.0
1411,1411815103000,41.17784276,-8.599066,177.5,10.0
1412,1411815104000,41.17781446,-8.59900368,178.0,10.0
1413,1411815105000,41.17779617,-8.59892256,178.1999969482422,10.0
1414,1411815106000,41.1777737,-8.59884154,178.8000030517578,10.0
1415,1411815107000,41.17774576,-8.59875882,178.8000030517578,9.0
1416,1411815108000,41.17771525,-8.59868874,178.1999969482422,9.0
1417,1411815109000,41.17769902,-8.59860984,178.10000610351565,9.0
1418,1411815110000,41.17770948,-8.59853983,176.39999389648438,9.0
1419,1411815111000,41.17774081,-8.59847587,176.89999389648438,9.0
1420,1411815112000,41.17778899,-8.59844065,177.10000610351565,9.0
1421,1411815113000,41.17784274,-8.59842276,176.6999969482422,10.0
1422,1411815114000,41.17788884,-8.5983929,177.0,10.0
1423,1411815115000,41.17795399,-8.59836669,178.10000610351565,10.0
1424,1411815116000,41.17802397,-8.59833015,178.3000030517578,10.0
1425,1411815117000,41.17810042,-8.59829385,176.39999389648438,9.0
1426,1411815118000,41.17816594,-8.59825788,177.1999969482422,9.0
1427,1411815119000,41.17825535,-8.59821134,175.1999969482422,9.0
1428,1411815120000,41.17833059,-8.59818232,175.6999969482422,9.0
1429,1411815121000,41.17839431,-8.59815257,176.6999969482422,10.0
1430,1411815122000,41.17846325,-8.59812778,176.89999389648438,11.0
1431,1411815123000,41.178534,-8.59808916,176.39999389648438,11.0
1432,1411815124000,41.17858753,-8.59804507,175.8000030517578,11.0
1433,1411815125000,41.17863404,-8.5979933,176.39999389648438,11.0
1434,1411815126000,41.17865221,-8.59791996,175.10000610351565,12.0
1435,1411815127000,41.17861398,-8.59783793,174.60000610351565,11.0
1436,1411815128000,41.17861099,-8.59774423,173.89999389648438,11.0
1437,1411815129000,41.17861101,-8.59765911,173.60000610351565,11.0
1438,1411815130000,41.17860664,-8.59756885,173.60000610351565,12.0
1439,1411815131000,41.17859997,-8.59750703,174.8000030517578,11.0
1440,1411815133000,41.17859344,-8.5973949,176.0,11.0
1441,1411815135000,41.17858909,-8.59731599,174.3000030517578,10.0
1442,1411815137000,41.17858448,-8.59719939,175.39999389648438,10.0
1443,1411815139000,41.17857736,-8.59708198,174.60000610351565,10.0
1444,1411815140000,41.17857509,-8.59701408,174.3000030517578,11.0
1445,1411815141000,41.17856726,-8.5969502,175.10000610351565,11.0
1446,1411815142000,41.17855934,-8.59688294,174.6999969482422,11.0
1447,1411815143000,41.17855914,-8.59680854,175.1999969482422,11.0
1448,1411815144000,41.17855281,-8.59673829,175.60000610351565,10.0
1449,1411815145000,41.17854775,-8.59667497,175.3000030517578,11.0
1450,1411815146000,41.17854854,-8.59659574,175.10000610351565,10.0
1451,1411815147000,41.17855549,-8.59648877,174.5,10.0
1452,1411815148000,41.17854574,-8.59642308,174.39999389648438,10.0
1453,1411815149000,41.17853507,-8.59635458,175.0,10.0
1454,1411815150000,41.17853583,-8.59628343,175.60000610351565,10.0
1455,1411815151000,41.17852946,-8.59621426,176.0,11.0
1456,1411815152000,41.17852273,-8.59615139,175.5,11.0
1457,1411815154000,41.1785182,-8.59604259,175.60000610351565,11.0
1458,1411815155000,41.17851868,-8.59598192,175.8000030517578,12.0
1459,1411815157000,41.17850105,-8.5958865,175.5,12.0
1460,1411815159000,41.17850373,-8.59578382,175.6999969482422,13.0
1461,1411815161000,41.17853746,-8.59567461,176.10000610351565,14.0
1462,1411815164000,41.17856573,-8.59562038,176.60000610351565,16.0
1463,1411815173000,41.17854592,-8.59556334,174.0,10.0
1464,1411815175000,41.17853992,-8.59547926,175.3000030517578,10.0
1465,1411815175352,41.1784973,-8.5950601,0.0,27.0
1466,1411815177000,41.1785332,-8.59536904,176.1999969482422,10.0
1467,1411815179000,41.17852641,-8.59525521,176.60000610351565,10.0
1468,1411815181000,41.17850113,-8.59517151,177.0,10.0
1469,1411815183000,41.17843919,-8.59514971,178.6999969482422,10.0
1470,1411815185000,41.17837112,-8.59517975,179.10000610351565,10.0
1471,1411815187000,41.17831694,-8.59519647,180.1999969482422,10.0
1472,1411815193000,41.17827133,-8.5952099,182.8000030517578,10.0
1473,1411815196000,41.17824637,-8.59527088,182.8999938964844,11.0
1474,1411815195893,41.178392,-8.5951583,0.0,34.244998931884766
1475,1411815201000,41.17821982,-8.5953282,181.1999969482422,10.0
1476,1411815215422,41.1783907,-8.595138,0.0,33.358001708984375
1477,1411815235390,41.1783562,-8.5951647,0.0,29.583999633789062
1478,1411815255389,41.1783996,-8.5951831,0.0,25.065000534057617
1479,1411815275531,41.1783889,-8.5951884,0.0,35.94300079345703
1480,1411815295453,41.1784078,-8.5951629,0.0,26.13500022888184
1481,1411815315457,41.178404,-8.5951526,0.0,33.178001403808594
1482,1411815335454,41.1783823,-8.595173,0.0,23.67200088500977
1483,1411815355497,41.1784082,-8.5951519,0.0,32.869998931884766
1484,1411815357000,41.17825697,-8.59529102,174.5,9.0
