,gpstime,latitude,longitude,altitude,speed,heading,hpdop,vdop,pdop
0,1518263739.0,41.23910255,-8.54165405,138.8,0.051,209.00,12.4,?,?
1,1518263740.0,41.239104483,-8.541651067,139.0,0.051,245.80,1.5,?,?
2,1518263741.0,41.23910735,-8.541645067,141.3,0.206,239.50,17.7,?,?
3,1518263742.0,41.239106,-8.5416483,140.9,0.257,242.70,17.8,?,?
4,1518263743.0,41.239107117,-8.54164715,140.2,0.051,280.90,12.8,?,?
5,1518263744.0,41.239109233,-8.541635567,139.0,0.257,74.10,12.8,?,?
6,1518263745.0,41.239111467,-8.54162535,138.3,0.412,65.80,17.7,?,?
7,1518263746.0,41.239111417,-8.5416181,137.0,0.514,72.50,56.7,?,?
8,1518263747.0,41.239109967,-8.541604517,136.3,0.669,87.30,17.9,?,?
9,1518263748.0,41.239103367,-8.541597717,135.6,0.720,110.10,21.5,?,?
10,1518263749.0,41.239094567,-8.541592933,135.1,0.772,132.10,21.5,?,?
11,1518263750.0,41.23908675,-8.541586767,134.9,0.926,141.10,21.4,?,?
12,1518263751.0,41.239081117,-8.5415789,134.8,0.977,142.40,21.4,?,?
13,1518263752.0,41.239077967,-8.54156895,134.9,0.977,136.80,19.7,?,?
14,1518263753.0,41.239074917,-8.541559167,135.0,0.926,132.80,19.7,?,?
15,1518263754.0,41.239074067,-8.541546583,135.0,0.926,125.40,19.7,?,?
16,1518263798.0,41.23907505,-8.541526967,135.1,?,?,19.7,?,?
17,1518263799.0,41.239089067,-8.54172405,142.2,0.000,85.80,3.5,?,?
18,1518263800.0,41.239091317,-8.54171845,142.2,1.080,61.90,3.5,?,?
19,1518263801.0,41.23909365,-8.5417139,142.2,0.977,252.70,3.5,?,?
20,1518263802.0,41.239093917,-8.541710933,142.2,1.595,242.00,3.5,?,?
21,1518263803.0,41.2389725,-8.542098617,142.2,2.212,71.00,21.9,?,?
22,1518263804.0,41.238937967,-8.5422015,142.2,0.360,129.10,21.9,?,?
23,1518263805.0,41.238916033,-8.542249317,142.2,10.032,242.70,21.9,?,?
24,1518263806.0,41.23891255,-8.542234667,142.2,0.875,143.40,21.9,?,?
25,1518263807.0,41.238930733,-8.542154783,142.2,5.813,75.50,22.0,?,?
26,1518263808.0,41.238910617,-8.542187717,142.2,3.190,86.20,22.0,?,?
27,1518263809.0,41.238884217,-8.5422324,142.2,1.801,138.20,22.0,?,?
28,1518263810.0,41.238843833,-8.542315467,142.2,14.713,74.80,22.0,?,?
29,1518263811.0,41.23884315,-8.54227105,142.2,10.855,237.50,22.1,?,?
30,1518263812.0,41.238787067,-8.542373617,142.2,7.768,227.20,22.1,?,?
31,1518263813.0,41.238746267,-8.542376333,142.2,3.704,117.70,22.2,?,?
32,1518263814.0,41.23869105,-8.542463017,142.2,6.842,218.90,22.2,?,?
33,1518263815.0,41.238633767,-8.542538733,142.2,4.681,196.60,22.2,?,?
34,1518263816.0,41.238797617,-8.54189695,143.1,5.916,206.40,3.2,?,?
35,1518263817.0,41.238742883,-8.541947267,143.1,5.916,203.60,3.2,?,?
36,1518263818.0,41.23868935,-8.5419958,143.3,6.276,210.30,3.2,?,?
37,1518263819.0,41.23863915,-8.542044417,143.5,5.607,212.70,3.2,?,?
38,1518263820.0,41.23861275,-8.5420549,142.8,4.013,219.40,3.2,?,?
39,1518263821.0,41.238582883,-8.54210765,143.3,2.058,222.40,3.2,?,?
40,1518263822.0,41.238578317,-8.542112,142.7,3.447,238.70,3.2,?,?
41,1518263823.0,41.23856215,-8.542075183,142.5,2.418,266.90,3.2,?,?
42,1518263824.0,41.238584067,-8.542045167,142.7,2.932,8.60,3.2,?,?
43,1518263825.0,41.238611733,-8.542010033,142.8,4.064,9.80,3.2,?,?
44,1518263826.0,41.238645417,-8.542019933,142.9,4.373,7.60,3.2,?,?
45,1518263827.0,41.238895883,-8.54207745,227.4,62.351,60.10,2.6,?,?
46,1518263828.0,41.238938483,-8.5416343,341.1,44.757,60.70,13.1,?,?
47,1518263829.0,41.239105867,-8.541230517,467.9,43.728,60.60,13.1,?,?
48,1518263830.0,41.238938067,-8.541865717,315.4,14.456,47.20,4.4,1.0,4.5
49,1518263831.0,41.238960367,-8.542189783,284.6,14.199,323.70,4.4,1.0,4.5
50,1518263832.0,41.239113367,-8.54221815,307.3,16.256,334.60,4.4,1.0,4.5
51,1518263833.0,41.2393135,-8.542229983,320.4,19.240,348.90,4.4,1.0,4.5
52,1518263834.0,41.23955425,-8.542242033,327.7,23.047,352.60,4.4,1.0,4.5
53,1518263835.0,41.2397993,-8.542272367,331.9,25.671,352.90,4.4,1.0,4.5
54,1518263836.0,41.240043317,-8.542313533,335.5,27.420,351.80,4.4,1.0,4.5
55,1518263837.0,41.240296,-8.54235645,339.5,28.500,351.50,4.4,1.0,4.5
56,1518263838.0,41.24014075,-8.542290433,336.0,22.790,349.10,10.2,?,?
57,1518263839.0,41.240214583,-8.54231615,336.4,21.195,344.30,10.2,?,?
58,1518263840.0,41.240385833,-8.542384833,337.0,20.629,341.10,19.4,1.0,19.4
59,1518263841.0,41.240518733,-8.542446317,338.0,18.623,341.80,4.4,1.0,4.5
60,1518263842.0,41.24048635,-8.542484867,339.1,15.125,338.70,4.3,?,?
61,1518263843.0,41.240192483,-8.5425175,339.8,9.363,318.80,4.3,?,?
62,1518263844.0,41.238727983,-8.5423309,324.0,11.163,209.60,2.2,?,?
63,1518263851.0,41.238612033,-8.542406883,325.9,?,?,2.6,?,?
64,1518263852.0,41.237869767,-8.542891467,337.3,14.867,206.30,23.2,?,?
65,1518263853.0,41.237741517,-8.542984233,337.9,15.639,207.80,23.2,?,?
66,1518263854.0,41.237615833,-8.543073483,339.0,15.896,208.50,23.3,?,?
67,1518263855.0,41.237475733,-8.54316185,337.8,16.154,209.10,23.3,?,?
68,1518263856.0,41.23732865,-8.5432477,334.8,15.948,208.80,23.3,?,?
69,1518263857.0,41.237194867,-8.5433355,334.2,15.845,208.20,23.3,?,?
70,1518263858.0,41.237068217,-8.543421617,334.6,15.588,207.70,23.4,?,?
71,1518263859.0,41.236942467,-8.543507167,334.5,15.485,207.70,23.4,?,?
72,1518263860.0,41.2368208,-8.54358845,333.9,15.125,207.90,23.4,?,?
73,1518263861.0,41.2367063,-8.543665433,333.4,14.199,208.00,23.5,?,?
74,1518263862.0,41.236601567,-8.543739433,333.5,12.964,209.30,23.5,?,?
75,1518263863.0,41.2365182,-8.5438162,333.9,11.061,218.50,23.5,?,?
76,1518263864.0,41.23646645,-8.543888367,332.8,9.003,234.70,23.6,?,?
77,1518263865.0,41.236436467,-8.543991867,333.7,9.003,255.30,23.6,?,?
78,1518263866.0,41.236436183,-8.544109433,331.9,10.700,271.50,23.6,?,?
79,1518263867.0,41.23647205,-8.544187017,327.8,10.803,287.60,2.6,?,?
80,1518263868.0,41.23630935,-8.544752483,123.3,10.495,280.90,1.3,?,?
81,1518263869.0,41.236321867,-8.544869033,124.2,10.958,283.80,1.3,?,?
82,1518263870.0,41.236346933,-8.5449972,124.2,11.421,286.10,1.3,?,?
83,1518263871.0,41.236380217,-8.545135433,124.0,12.089,287.60,2.0,?,?
84,1518263872.0,41.236415683,-8.545279367,124.2,12.655,288.00,2.0,?,?
85,1518263873.0,41.236451833,-8.54542675,124.5,13.118,288.00,2.0,?,?
86,1518263874.0,41.236489433,-8.545577933,124.8,13.478,288.30,2.0,?,?
87,1518263875.0,41.236529583,-8.545732,125.3,13.787,289.00,2.0,?,?
88,1518263876.0,41.23656405,-8.545886467,126.1,13.787,287.60,2.0,?,?
89,1518263877.0,41.236599383,-8.546044417,126.9,13.941,286.00,2.0,?,?
90,1518263878.0,41.236634133,-8.546204567,127.5,13.993,285.00,2.0,?,?
91,1518263879.0,41.236669717,-8.546363117,127.7,13.839,285.60,4.1,?,?
92,1518263880.0,41.23670645,-8.546521767,127.7,13.787,286.40,4.1,?,?
93,1518263881.0,41.236748667,-8.546676917,127.9,13.633,288.60,4.1,?,?
94,1518263882.0,41.23678465,-8.546821667,128.7,12.964,289.20,4.1,?,?
95,1518263883.0,41.2368424,-8.546962133,128.5,12.758,296.40,4.1,?,?
96,1518263884.0,41.2369181,-8.547083083,128.5,12.604,311.00,1.4,?,?
97,1518263885.0,41.237001983,-8.547177417,128.5,12.398,325.50,4.1,?,?
98,1518263886.0,41.237106667,-8.547245617,131.6,12.810,338.90,1.6,?,?
99,1518263887.0,41.2372219,-8.547288833,132.4,13.324,348.70,2.1,?,?
100,1518263888.0,41.2373575,-8.547322217,133.1,14.250,352.50,1.6,?,?
101,1518263889.0,41.237489133,-8.5473501,133.5,14.867,352.70,1.6,?,?
102,1518263890.0,41.237621667,-8.547378267,133.8,15.433,352.10,1.6,?,?
103,1518263891.0,41.23775665,-8.54740855,134.2,15.793,351.20,1.6,?,?
104,1518263892.0,41.237892717,-8.547437567,134.5,15.896,351.60,1.6,?,?
105,1518263893.0,41.238025483,-8.547466217,135.1,15.691,351.40,1.6,?,?
106,1518263894.0,41.238159067,-8.547494833,135.6,15.382,351.10,1.6,?,?
107,1518263895.0,41.238288983,-8.547523517,136.2,14.867,350.70,1.6,?,?
108,1518263896.0,41.238416067,-8.54755395,136.7,14.507,349.80,1.6,?,?
109,1518263897.0,41.238535917,-8.547585517,137.4,13.890,349.00,1.6,?,?
110,1518263898.0,41.238650233,-8.547613817,138.1,13.118,349.40,2.1,?,?
111,1518263899.0,41.238759233,-8.54764325,138.6,12.398,348.80,1.6,?,?
112,1518263900.0,41.238862583,-8.54767195,139.3,11.884,348.60,1.9,3.7,4.2
113,1518263901.0,41.238964017,-8.5476995,140.1,11.472,348.50,1.9,3.7,4.2
114,1518263902.0,41.239069133,-8.547726767,140.5,11.626,348.20,1.9,3.7,4.2
115,1518263903.0,41.239177033,-8.54775435,140.8,11.987,348.50,1.9,3.7,4.2
116,1518263904.0,41.23928255,-8.547783333,141.0,12.089,348.40,1.9,3.7,4.2
117,1518263905.0,41.239408083,-8.547806683,140.7,13.170,350.40,1.9,3.7,4.2
118,1518263906.0,41.239535333,-8.547832167,140.3,13.684,350.20,1.6,?,?
119,1518263907.0,41.23967065,-8.547855817,140.3,13.993,350.10,1.6,?,?
120,1518263908.0,41.239798983,-8.547883667,140.6,13.993,349.60,2.2,?,?
121,1518263909.0,41.239922683,-8.547912883,140.9,13.787,349.30,2.2,?,?
122,1518263910.0,41.2400465,-8.547943533,141.2,13.839,348.90,2.2,?,?
123,1518263911.0,41.240168517,-8.547972833,141.6,13.736,349.20,2.2,?,?
124,1518263912.0,41.240290567,-8.548000567,141.6,13.684,350.40,2.2,?,?
125,1518263913.0,41.240414183,-8.548024633,141.6,13.581,351.50,2.2,?,?
126,1518263914.0,41.24053415,-8.548049317,141.1,13.015,352.80,2.7,3.9,4.7
127,1518263915.0,41.240634783,-8.548065183,147.0,12.295,355.30,7.6,1.0,7.7
128,1518263916.0,41.2407383,-8.548084917,145.9,11.729,0.00,7.6,1.0,7.7
129,1518263917.0,41.240833817,-8.5480785,146.0,11.163,6.00,7.6,1.0,7.7
130,1518263918.0,41.240933117,-8.548058717,146.2,10.803,10.70,11.1,?,?
131,1518263919.0,41.241028867,-8.548017683,146.4,10.340,13.50,2.2,?,?
132,1518263920.0,41.24112335,-8.547990483,146.3,9.980,13.00,2.0,?,?
133,1518263921.0,41.24120725,-8.547968467,146.4,9.723,10.20,2.0,?,?
134,1518263922.0,41.241286783,-8.547954167,146.6,8.900,6.80,2.0,?,?
135,1518263923.0,41.241362033,-8.547945233,146.9,8.385,3.50,1.8,?,?
136,1518263924.0,41.2414289,-8.547932,145.2,7.305,3.40,7.0,?,?
137,1518263925.0,41.241489033,-8.547927733,143.6,6.431,359.50,1.8,?,?
138,1518263926.0,41.241537967,-8.5479386,142.2,5.659,342.60,1.8,?,?
139,1518263927.0,41.241575417,-8.5479823,140.6,5.968,310.40,1.8,?,?
140,1518263928.0,41.241601633,-8.548056217,139.2,7.408,289.30,2.2,?,?
141,1518263929.0,41.241620217,-8.54814325,139.0,8.283,283.50,9.3,?,?
142,1518263930.0,41.241640617,-8.548235483,139.0,8.591,283.50,9.3,?,?
143,1518263931.0,41.241661617,-8.548336717,139.9,9.106,283.00,9.3,?,?
144,1518263932.0,41.24170005,-8.548462533,140.1,10.752,283.70,2.0,?,?
145,1518263933.0,41.2417297,-8.548594633,139.8,11.678,283.70,2.0,?,?
146,1518263934.0,41.241751767,-8.548732433,139.3,12.244,282.30,2.0,?,?
147,1518263935.0,41.241772167,-8.548880933,138.5,13.015,280.80,2.0,?,?
148,1518263936.0,41.2417945,-8.549037317,137.9,13.633,281.00,2.0,?,?
149,1518263937.0,41.241816917,-8.549197183,137.4,13.839,281.10,2.0,?,?
150,1518263938.0,41.241841267,-8.549357267,137.0,13.633,281.50,2.0,?,?
151,1518263939.0,41.241866683,-8.549511433,136.5,13.118,282.70,17.0,?,?
152,1518263940.0,41.241890983,-8.549656567,136.1,12.347,283.30,17.1,?,?
153,1518263941.0,41.241914583,-8.5498001,134.5,11.729,283.50,2.0,?,?
154,1518263942.0,41.2419363,-8.54992695,134.4,10.906,283.00,2.0,?,?
155,1518263943.0,41.241959133,-8.5500476,133.6,10.237,284.00,2.0,?,?
156,1518263944.0,41.241990867,-8.550162933,134.2,10.083,286.30,4.1,1.0,4.3
157,1518263945.0,41.242019817,-8.550282633,131.9,9.980,287.30,2.0,?,?
158,1518263946.0,41.242045367,-8.550366867,129.0,8.591,290.30,2.0,?,?
159,1518263947.0,41.242068583,-8.550461467,126.4,8.231,289.50,2.1,?,?
160,1518263948.0,41.242107367,-8.550565433,123.6,9.209,292.90,2.1,?,?
161,1518263949.0,41.242146033,-8.550704733,118.3,10.598,293.20,2.1,?,?
162,1518263950.0,41.242178517,-8.550831517,117.4,11.009,291.70,2.1,?,?
163,1518263951.0,41.242204117,-8.5509556,112.3,11.112,289.70,2.1,?,?
164,1518263952.0,41.242227767,-8.5511009,108.8,11.626,289.10,4.1,1.0,4.2
165,1518263953.0,41.24225445,-8.551244733,106.2,11.524,290.40,4.1,1.0,4.2
166,1518263954.0,41.242284183,-8.551383567,105.3,10.906,290.70,4.1,1.0,4.2
167,1518263955.0,41.242320183,-8.55151055,104.8,10.340,293.30,4.1,1.0,4.2
168,1518263956.0,41.242357283,-8.551627917,104.5,9.723,295.40,4.1,1.0,4.2
169,1518263957.0,41.24239805,-8.551736883,104.4,9.260,298.10,4.1,1.0,4.2
170,1518263958.0,41.242448583,-8.5518256,104.7,8.488,303.90,4.1,1.0,4.2
171,1518263959.0,41.242503783,-8.551898267,104.9,7.768,311.00,4.1,1.0,4.2
172,1518263960.0,41.242565767,-8.5519481,105.4,6.996,321.00,4.1,1.0,4.2
173,1518263961.0,41.242630483,-8.551975867,105.9,6.328,333.90,4.1,1.0,4.2
174,1518263962.0,41.242690067,-8.551982783,106.4,5.556,351.10,4.1,1.0,4.2
175,1518263963.0,41.24267095,-8.552038817,105.9,2.572,337.00,2.1,?,?
176,1518263964.0,41.242679,-8.552041967,106.2,1.029,343.40,2.1,?,?
177,1518263965.0,41.242606217,-8.552142767,107.8,0.514,344.80,2.0,?,?
178,1518263966.0,41.24258805,-8.552172567,109.5,0.051,89.10,1.7,?,?
179,1518263967.0,41.2425849,-8.552180317,110.0,0.051,211.30,1.7,?,?
180,1518263968.0,41.242579917,-8.552180633,110.0,0.257,171.10,1.6,?,?
181,1518263969.0,41.242572817,-8.552179617,110.3,0.566,169.80,1.6,?,?
182,1518263970.0,41.242570917,-8.552179983,110.8,0.412,170.30,1.0,?,?
183,1518263971.0,41.242566417,-8.5521791,111.4,0.463,172.50,1.0,?,?
184,1518263972.0,41.242565267,-8.552178183,111.5,0.206,171.80,1.0,?,?
185,1518263973.0,41.2425621,-8.552176333,111.6,0.154,179.80,1.0,?,?
186,1518263974.0,41.24256235,-8.552178567,111.4,0.412,286.40,2.1,?,?
187,1518263975.0,41.242572583,-8.552190783,111.0,1.338,306.20,2.1,?,?
188,1518263976.0,41.242576733,-8.552203183,112.4,1.440,302.70,2.1,?,?
189,1518263977.0,41.242580267,-8.55223115,114.1,2.572,287.20,8.6,?,?
190,1518263978.0,41.242599233,-8.552276733,114.1,4.424,290.90,8.6,?,?
191,1518263979.0,41.242610717,-8.552334983,113.0,5.659,284.90,15.0,?,?
192,1518263980.0,41.242618967,-8.552402117,110.9,6.842,281.90,15.0,?,?
193,1518263981.0,41.242627067,-8.552486667,110.5,8.077,281.00,8.6,?,?
194,1518263982.0,41.242619767,-8.552583083,112.2,8.900,278.90,8.6,?,?
195,1518263983.0,41.2426071,-8.552683817,114.1,9.517,277.10,8.6,?,?
196,1518263984.0,41.242600883,-8.552798283,114.6,10.598,275.70,8.5,?,?
197,1518263985.0,41.24257715,-8.552921283,115.8,11.266,273.50,8.5,?,?
198,1518263986.0,41.242562217,-8.553054633,113.9,11.729,271.50,8.5,?,?
199,1518263987.0,41.242540183,-8.553191367,111.9,11.987,268.90,8.5,?,?
200,1518263988.0,41.24252025,-8.5533309,110.0,12.038,267.20,8.5,?,?
201,1518263989.0,41.242504933,-8.553465817,108.1,11.369,266.70,8.5,?,?
202,1518263990.0,41.24249015,-8.553588883,106.3,10.186,266.20,8.5,?,?
203,1518263991.0,41.242479017,-8.553695317,104.9,8.488,265.40,8.5,?,?
204,1518263992.0,41.242489717,-8.553780583,104.2,6.173,273.30,8.5,?,?
205,1518263993.0,41.24250085,-8.553845283,103.7,4.733,285.60,8.5,?,?
206,1518263994.0,41.242540367,-8.553891867,104.5,4.424,320.80,8.5,?,?
207,1518263995.0,41.242610617,-8.553922433,104.2,5.865,348.70,8.5,?,?
208,1518263996.0,41.242707167,-8.5539519,103.9,8.180,352.10,24.0,6.8,24.9
209,1518263997.0,41.24281065,-8.553983417,103.6,10.340,348.90,24.0,6.8,25.0
210,1518263998.0,41.242914517,-8.554016233,103.2,11.781,346.70,24.1,6.8,25.0
211,1518263999.0,41.2430204,-8.55405055,102.7,12.398,346.40,24.2,6.8,25.1
212,1518264000.0,41.243125617,-8.55408485,102.1,12.398,347.00,24.2,6.8,25.1
213,1518264001.0,41.243369517,-8.5541409,105.9,11.832,347.70,2.4,?,?
214,1518264002.0,41.243544317,-8.5541844,108.5,10.752,347.80,2.2,?,?
215,1518264003.0,41.243649217,-8.5542097,108.8,9.517,351.20,2.2,?,?
216,1518264004.0,41.2437302,-8.554216,108.1,8.488,3.90,2.2,?,?
217,1518264005.0,41.243804783,-8.554190383,107.8,8.334,21.40,2.2,?,?
218,1518264006.0,41.243890217,-8.554135883,107.6,9.209,31.00,1.8,?,?
219,1518264007.0,41.243974933,-8.554084117,107.8,9.517,28.30,1.5,?,?
220,1518264008.0,41.244058183,-8.55405655,107.3,9.363,13.20,1.5,?,?
221,1518264009.0,41.244139033,-8.5540806,105.2,9.980,344.90,1.5,?,?
222,1518264010.0,41.24421765,-8.554137067,104.6,10.803,327.20,1.5,?,?
223,1518264011.0,41.24426685,-8.554236217,103.0,10.803,306.10,1.8,3.8,4.2
224,1518264012.0,41.244301717,-8.5543478,102.9,10.906,290.10,1.8,3.8,4.2
225,1518264013.0,41.2442874,-8.55445975,103.9,9.980,265.10,1.8,3.8,4.2
226,1518264014.0,41.244254367,-8.554569233,103.6,10.237,242.90,1.8,3.8,4.2
227,1518264015.0,41.244203917,-8.554663117,103.4,10.855,225.40,1.6,?,?
228,1518264016.0,41.2441361,-8.5547378,103.7,11.061,216.40,1.8,3.8,4.2
229,1518264017.0,41.244066717,-8.554812417,103.5,10.700,219.60,1.8,3.8,4.2
230,1518264018.0,41.244007783,-8.55490265,103.3,10.598,231.60,1.8,3.8,4.2
231,1518264019.0,41.2439663,-8.55501875,102.9,11.369,248.20,1.8,3.8,4.2
232,1518264020.0,41.24393985,-8.555153783,102.5,12.244,258.60,1.8,3.8,4.2
233,1518264021.0,41.243918933,-8.555289317,101.7,12.038,259.70,1.8,3.8,4.2
234,1518264022.0,41.243897783,-8.555426017,101.4,11.678,259.30,1.8,3.8,4.2
235,1518264023.0,41.2438744,-8.555558917,101.1,11.266,257.80,1.6,?,?
236,1518264024.0,41.24385335,-8.555689017,101.3,11.061,258.20,2.2,?,?
237,1518264025.0,41.243828417,-8.5558196,101.9,11.112,256.70,1.6,?,?
238,1518264026.0,41.243796417,-8.555951617,102.7,11.369,254.20,1.6,?,?
239,1518264027.0,41.243769717,-8.556082367,103.0,11.369,254.90,1.0,?,?
240,1518264028.0,41.243747983,-8.55621705,103.6,11.524,256.60,1.0,?,?
241,1518264029.0,41.243720733,-8.5563507,104.0,11.524,257.00,1.0,?,?
242,1518264030.0,41.243695167,-8.556483217,103.8,11.318,258.30,1.0,?,?
243,1518264031.0,41.24366965,-8.556622567,103.4,11.832,258.00,1.0,?,?
244,1518264032.0,41.24363985,-8.556766567,103.4,12.192,256.70,1.1,?,?
245,1518264033.0,41.243613317,-8.5569087,102.7,12.192,257.00,1.1,?,?
246,1518264034.0,41.243586083,-8.557051633,102.0,12.192,256.40,1.1,?,?
247,1518264035.0,41.2435563,-8.557194417,101.9,12.192,256.40,1.1,?,?
248,1518264036.0,41.243537383,-8.557336217,101.7,12.089,257.80,1.6,?,?
249,1518264037.0,41.243527817,-8.55747765,100.9,12.141,257.80,1.6,?,?
250,1518264038.0,41.243509167,-8.557620933,100.5,12.192,257.10,1.6,?,?
251,1518264039.0,41.243486467,-8.557762567,99.9,12.141,256.40,1.6,?,?
252,1518264040.0,41.243462667,-8.557902867,99.3,12.089,256.40,1.6,?,?
253,1518264041.0,41.243438367,-8.558041983,98.7,12.089,256.70,2.1,?,?
254,1518264042.0,41.2434156,-8.55818055,97.9,11.987,257.40,2.1,?,?
255,1518264043.0,41.243391117,-8.558320883,97.3,12.038,257.10,2.1,?,?
256,1518264044.0,41.243366717,-8.558459667,96.7,12.038,256.90,2.1,?,?
257,1518264045.0,41.243344,-8.558595083,96.0,11.884,257.10,2.1,?,?
258,1518264046.0,41.24332155,-8.55873085,95.3,11.781,257.20,2.1,?,?
259,1518264047.0,41.2432986,-8.55886815,94.6,11.781,257.20,2.1,?,?
260,1518264048.0,41.243276583,-8.559001267,94.1,11.678,257.40,2.1,?,?
261,1518264049.0,41.24325395,-8.559133317,94.1,11.472,257.10,1.6,?,?
262,1518264050.0,41.243231467,-8.559264417,94.5,11.163,257.10,1.6,?,?
263,1518264051.0,41.24320815,-8.559397317,95.0,11.318,257.50,1.6,?,?
264,1518264052.0,41.243185383,-8.559536233,95.9,11.832,257.70,1.7,?,?
265,1518264053.0,41.24316115,-8.559683383,96.6,12.707,257.80,1.9,?,?
266,1518264054.0,41.243134833,-8.559843317,97.5,13.890,257.90,1.9,?,?
267,1518264055.0,41.243105533,-8.56000965,98.4,14.610,257.10,8.7,?,?
268,1518264056.0,41.24307645,-8.560190817,99.6,15.588,257.40,8.7,?,?
269,1518264057.0,41.243045133,-8.560379033,100.8,16.359,257.30,8.7,?,?
270,1518264058.0,41.243011283,-8.560569183,102.0,16.719,256.80,1.9,?,?
271,1518264059.0,41.242977817,-8.5607624,103.5,16.874,256.80,1.9,?,?
272,1518264060.0,41.242943433,-8.560955033,104.4,16.719,257.00,1.9,?,?
273,1518264061.0,41.2429083,-8.561139567,106.0,16.256,256.10,2.2,5.4,5.9
274,1518264062.0,41.2428756,-8.561313083,107.1,15.279,255.70,2.2,5.4,5.9
275,1518264063.0,41.242849317,-8.561474333,109.0,14.147,256.40,2.2,5.4,5.9
276,1518264064.0,41.24282165,-8.5616269,110.4,13.118,256.30,2.2,5.4,5.9
277,1518264065.0,41.242797217,-8.561763483,111.6,11.729,256.40,1.9,?,?
278,1518264066.0,41.242771533,-8.56189415,112.3,10.649,256.60,1.9,?,?
279,1518264067.0,41.24275275,-8.56201255,112.5,9.620,258.80,1.9,?,?
280,1518264068.0,41.242757133,-8.56212305,114.0,8.848,271.10,1.6,?,?
281,1518264069.0,41.242783667,-8.562218567,117.6,8.488,285.40,1.6,?,?
282,1518264070.0,41.242813733,-8.562314067,117.6,8.694,296.00,1.6,?,?
283,1518264071.0,41.24285,-8.562409517,117.2,9.157,299.00,1.6,?,?
284,1518264072.0,41.242873,-8.562509167,117.0,9.414,291.20,2.2,?,?
285,1518264073.0,41.242881867,-8.562618783,116.6,9.877,278.80,1.6,?,?
286,1518264074.0,41.242867283,-8.56272585,116.4,9.620,263.00,1.6,?,?
287,1518264075.0,41.242812033,-8.562818083,116.6,9.723,236.70,1.6,?,?
288,1518264076.0,41.242763467,-8.562879083,117.7,10.083,209.80,1.6,?,?
289,1518264077.0,41.242680583,-8.562910633,118.1,11.061,191.20,1.6,?,?
290,1518264078.0,41.242582183,-8.56291,117.8,12.038,176.30,1.8,3.8,4.3
291,1518264079.0,41.242500583,-8.562855883,116.4,11.626,156.30,1.8,3.8,4.3
292,1518264080.0,41.242436817,-8.562769733,116.5,11.215,137.00,1.8,3.8,4.3
293,1518264081.0,41.242366617,-8.56266945,115.8,11.987,129.40,1.8,3.8,4.3
294,1518264082.0,41.24230525,-8.5625634,115.8,11.781,129.50,1.8,?,?
295,1518264083.0,41.242241867,-8.56246245,117.5,11.472,137.90,1.8,?,?
296,1518264084.0,41.242157117,-8.562392,118.8,11.832,153.20,1.8,?,?
297,1518264085.0,41.242060333,-8.562346483,118.7,12.089,162.90,1.8,?,?
298,1518264086.0,41.241965717,-8.562331267,117.8,11.781,170.10,1.8,?,?
299,1518264087.0,41.241863617,-8.56230955,117.1,12.038,171.60,1.8,3.8,4.3
300,1518264088.0,41.24175485,-8.562289617,115.7,12.192,172.60,1.8,3.8,4.3
301,1518264089.0,41.241644783,-8.562275417,114.3,12.038,174.40,1.8,3.8,4.3
302,1518264090.0,41.24153,-8.562265633,111.9,11.884,175.90,1.8,3.8,4.3
303,1518264091.0,41.241423183,-8.562257483,111.6,11.781,177.10,1.8,3.8,4.3
304,1518264092.0,41.241319683,-8.562253667,112.1,11.626,179.00,1.8,3.8,4.3
305,1518264093.0,41.241213867,-8.562251683,112.5,11.678,179.50,1.8,3.8,4.3
306,1518264094.0,41.241107783,-8.562249683,112.6,11.781,179.20,1.8,3.9,4.3
307,1518264095.0,41.2410016,-8.5622467,112.6,11.832,178.80,1.8,3.9,4.3
308,1518264096.0,41.240895933,-8.5622426,113.0,11.832,178.60,1.8,?,?
309,1518264097.0,41.240790167,-8.562239183,113.3,11.884,179.00,1.8,?,?
310,1518264098.0,41.24068275,-8.5622366,113.5,11.987,179.40,1.8,?,?
311,1518264099.0,41.240576833,-8.562236233,113.8,11.884,180.50,1.8,?,?
312,1518264100.0,41.240469083,-8.56224565,113.8,11.987,184.70,1.8,?,?
313,1518264101.0,41.240365933,-8.5622674,113.8,11.626,190.60,1.8,3.9,4.3
314,1518264102.0,41.240264817,-8.562305967,113.6,11.472,198.00,1.8,3.9,4.3
315,1518264103.0,41.2401664,-8.562359483,113.2,11.524,205.00,1.8,3.9,4.3
316,1518264104.0,41.240066683,-8.56242915,111.8,11.832,211.60,2.3,3.9,4.5
317,1518264105.0,41.23997475,-8.56251445,110.8,12.141,217.80,1.8,3.9,4.3
318,1518264106.0,41.239898383,-8.562605533,110.7,12.089,224.00,1.8,3.9,4.3
319,1518264107.0,41.23983025,-8.562713083,111.0,12.295,230.40,1.8,3.9,4.3
320,1518264108.0,41.23976695,-8.56283055,110.8,12.244,233.80,1.8,3.9,4.3
321,1518264109.0,41.239705083,-8.56294895,110.6,12.141,235.00,1.8,3.9,4.3
322,1518264110.0,41.239644867,-8.563068583,110.1,12.089,236.20,1.8,3.9,4.3
323,1518264111.0,41.239587483,-8.563189183,109.7,11.987,237.70,1.8,3.9,4.3
324,1518264112.0,41.239530683,-8.563315583,109.2,12.192,239.50,2.0,4.1,4.5
325,1518264113.0,41.239477817,-8.5634457,108.4,12.295,241.70,2.0,4.1,4.5
326,1518264114.0,41.2394278,-8.5635714,108.2,12.089,242.90,2.0,4.1,4.5
327,1518264115.0,41.239386483,-8.56371925,107.0,12.707,247.50,2.0,4.1,4.5
328,1518264116.0,41.239351467,-8.5638538,107.2,12.450,249.80,44.1,63.2,77.0
329,1518264135.0,41.239324283,-8.56398935,109.4,?,?,2.0,4.1,4.5
330,1518264136.0,41.238880283,-8.565649383,116.9,1.852,112.70,2.4,0.0,2.4
331,1518264137.0,41.2388928,-8.5656222,116.6,2.366,109.60,2.3,3.9,4.5
332,1518264138.0,41.238878683,-8.565610967,112.5,1.389,118.50,4.0,1.0,4.1
333,1518264139.0,41.238883783,-8.565579883,111.8,1.595,99.30,2.3,3.9,4.5
334,1518264140.0,41.238883617,-8.56556505,112.7,1.646,90.60,2.2,?,?
335,1518264141.0,41.238897283,-8.5655309,116.3,2.469,72.20,2.2,?,?
336,1518264142.0,41.238917317,-8.56550235,117.5,3.190,57.10,2.2,?,?
337,1518264143.0,41.23893625,-8.565470133,117.7,3.704,53.00,2.2,?,?
338,1518264144.0,41.238957,-8.565427317,117.4,4.424,54.60,2.2,?,?
339,1518264145.0,41.23897475,-8.565364333,116.3,5.659,63.00,2.2,?,?
340,1518264146.0,41.239008233,-8.565275333,114.8,7.974,64.50,2.2,?,?
341,1518264147.0,41.239055283,-8.56516485,116.5,10.083,63.80,2.2,?,?
342,1518264148.0,41.239094983,-8.56504465,116.7,11.626,64.80,16.5,?,?
343,1518264149.0,41.2391372,-8.564918967,117.2,12.038,65.60,5.4,?,?
344,1518264150.0,41.23917885,-8.564781617,118.5,12.501,67.50,2.2,?,?
345,1518264151.0,41.239217833,-8.564642433,121.1,12.038,68.80,5.4,?,?
346,1518264152.0,41.239256067,-8.564493317,125.7,11.935,70.60,4.5,?,?
347,1518264154.0,41.239284467,-8.564365883,124.3,?,?,3.0,?,?
348,1518264155.0,41.239338033,-8.564124467,124.2,10.443,71.70,4.5,?,?
349,1518264156.0,41.239355933,-8.564094533,123.8,7.202,70.80,4.5,?,?
350,1518264157.0,41.2393555,-8.564101567,125.2,4.476,62.40,11.6,?,?
351,1518264158.0,41.239368183,-8.564106083,124.5,2.829,51.70,3.0,?,?
352,1518264159.0,41.239376217,-8.564104433,124.3,1.595,51.60,3.0,?,?
353,1518264160.0,41.239388033,-8.564087867,124.4,1.595,48.90,3.0,?,?
354,1518264161.0,41.239632917,-8.563671383,129.0,11.987,49.90,4.6,?,?
355,1518264162.0,41.239658533,-8.563329333,129.9,11.626,62.30,4.5,?,?
356,1518264163.0,41.239684733,-8.563158083,130.8,11.575,59.40,4.5,?,?
357,1518264164.0,41.239729133,-8.563026533,130.6,11.678,55.20,4.4,?,?
358,1518264165.0,41.2397806,-8.562896067,130.7,11.884,53.40,4.4,?,?
359,1518264166.0,41.239841567,-8.562776617,130.9,11.935,50.80,4.4,?,?
360,1518264167.0,41.239905167,-8.5626626,129.8,12.038,47.80,4.4,?,?
361,1518264168.0,41.23997035,-8.5625525,127.4,12.141,45.80,4.4,?,?
362,1518264169.0,41.240046017,-8.562452767,126.1,12.089,41.70,4.4,?,?
363,1518264170.0,41.240132667,-8.562365183,126.0,12.089,35.30,4.4,?,?
364,1518264171.0,41.240226733,-8.56229025,126.5,12.089,27.70,4.4,?,?
365,1518264172.0,41.240326417,-8.562224617,128.0,12.141,20.50,4.4,?,?
366,1518264173.0,41.240430283,-8.5621861,128.2,12.141,12.40,1.6,?,?
367,1518264174.0,41.240534183,-8.5621642,127.2,12.141,5.90,2.6,?,?
368,1518264175.0,41.24063935,-8.562158783,126.2,12.192,0.80,2.3,?,?
369,1518264176.0,41.2407467,-8.562157367,125.2,12.192,358.10,2.3,?,?
370,1518264177.0,41.240852583,-8.562159,124.0,12.089,358.40,2.3,?,?
371,1518264178.0,41.2409592,-8.562163833,123.2,12.038,358.40,2.3,?,?
372,1518264179.0,41.241066717,-8.56216975,122.5,11.987,357.80,2.3,?,?
373,1518264180.0,41.241173633,-8.562172967,121.9,11.987,357.90,2.3,?,?
374,1518264181.0,41.241252933,-8.562184867,111.9,12.038,358.30,1.5,?,?
375,1518264182.0,41.24135785,-8.562191333,111.2,12.038,357.80,1.5,?,?
376,1518264183.0,41.241465733,-8.562195483,111.1,12.089,357.50,1.5,?,?
377,1518264184.0,41.241573667,-8.562204267,111.0,11.884,355.40,1.6,?,?
378,1518264185.0,41.24168105,-8.562219383,110.5,11.884,352.40,1.9,?,?
379,1518264186.0,41.241786017,-8.562244967,111.3,11.626,347.40,2.2,?,?
380,1518264187.0,41.241894117,-8.5622801,112.0,11.678,343.50,2.2,?,?
381,1518264188.0,41.242014033,-8.562328367,108.3,11.729,343.00,2.2,?,?
382,1518264189.0,41.2421136,-8.562371217,106.9,11.884,344.40,2.2,?,?
383,1518264190.0,41.242215617,-8.562396933,106.1,11.626,351.10,2.2,?,?
384,1518264191.0,41.2423218,-8.562390933,105.6,11.781,5.50,2.2,?,?
385,1518264192.0,41.24242015,-8.5623549,105.3,11.781,19.10,2.2,?,?
386,1518264193.0,41.242502417,-8.562290717,105.3,11.626,31.10,1.8,?,?
387,1518264194.0,41.242589133,-8.562209717,105.0,11.626,40.40,1.5,?,?
388,1518264195.0,41.242661217,-8.562112733,105.3,11.266,50.30,1.5,?,?
389,1518264196.0,41.24271455,-8.5619963,105.5,11.524,63.60,1.5,?,?
390,1518264197.0,41.242747817,-8.561867367,105.1,11.729,75.60,1.5,?,?
391,1518264198.0,41.24277055,-8.56172845,105.0,12.089,81.10,1.5,?,?
392,1518264199.0,41.242792067,-8.561585783,105.0,12.244,81.10,1.5,?,?
393,1518264200.0,41.242814567,-8.561440817,105.1,12.347,79.60,1.8,?,?
394,1518264201.0,41.242838333,-8.561296783,105.2,12.295,78.00,1.8,?,?
395,1518264202.0,41.242862967,-8.561153967,105.2,12.244,77.20,1.8,?,?
396,1518264203.0,41.242888633,-8.56101295,105.2,12.141,76.50,1.8,?,?
397,1518264204.0,41.24291535,-8.560873367,105.4,12.038,76.10,1.8,?,?
398,1518264205.0,41.242942133,-8.560734717,105.8,11.987,76.10,1.8,?,?
399,1518264206.0,41.242968933,-8.56059575,106.3,11.935,76.50,2.1,?,?
400,1518264207.0,41.242994433,-8.560458483,106.4,11.935,76.90,1.8,?,?
401,1518264208.0,41.243021183,-8.560319767,107.0,11.935,76.80,1.8,?,?
402,1518264209.0,41.243047633,-8.560180633,107.6,11.935,76.90,1.8,?,?
403,1518264210.0,41.243074567,-8.560041267,108.5,11.935,76.80,1.8,?,?
404,1518264211.0,41.243101667,-8.559902217,109.2,11.987,76.50,1.8,?,?
405,1518264212.0,41.243128633,-8.5597645,109.7,11.884,76.20,1.8,?,?
406,1518264213.0,41.2431553,-8.559623717,110.9,11.832,76.50,1.8,?,?
407,1518264214.0,41.243183117,-8.559482467,112.3,11.935,76.10,1.8,?,?
408,1518264215.0,41.243211367,-8.559342083,113.7,11.935,75.80,1.8,?,?
409,1518264216.0,41.243239567,-8.559201917,115.1,11.935,76.00,1.8,?,?
410,1518264217.0,41.243265583,-8.559062983,116.6,11.832,76.80,1.8,?,?
411,1518264218.0,41.243289517,-8.558928817,118.0,11.472,77.40,1.8,?,?
412,1518264219.0,41.243313433,-8.558799183,119.4,11.112,76.50,1.8,?,?
413,1518264220.0,41.243337817,-8.5586721,121.1,10.906,75.40,1.6,?,?
414,1518264221.0,41.243355617,-8.558549517,120.2,10.855,75.40,1.6,?,?
415,1518264222.0,41.2433727,-8.5584243,119.3,11.009,75.80,1.6,?,?
416,1518264223.0,41.243390617,-8.558299067,118.1,11.112,75.40,1.6,?,?
417,1518264224.0,41.243410167,-8.558171883,116.9,11.369,75.60,1.6,?,?
418,1518264225.0,41.243431617,-8.558042167,116.3,11.472,75.90,1.6,?,?
419,1518264226.0,41.243453467,-8.5579125,115.6,11.524,76.20,1.6,?,?
420,1518264227.0,41.2434751,-8.5577804,115.3,11.524,77.60,1.6,?,?
421,1518264228.0,41.24349615,-8.557647783,115.1,11.575,78.30,1.6,?,?
422,1518264229.0,41.243517983,-8.55751525,115.1,11.575,77.90,1.6,?,?
423,1518264230.0,41.243534433,-8.557391867,111.9,11.524,77.90,1.6,?,?
424,1518264231.0,41.243552833,-8.55726525,109.8,11.524,77.80,1.6,?,?
425,1518264232.0,41.243573683,-8.557132617,108.8,11.678,77.50,1.6,?,?
426,1518264233.0,41.243597533,-8.556994417,109.0,11.884,77.20,1.6,?,?
427,1518264234.0,41.243622067,-8.556852633,109.2,12.089,77.20,1.6,?,?
428,1518264235.0,41.243647133,-8.556710417,109.6,12.141,77.20,1.6,?,?
429,1518264236.0,41.243671717,-8.5565681,110.0,12.038,77.40,1.6,?,?
430,1518264237.0,41.243696117,-8.55642665,110.2,11.987,77.30,1.6,?,?
431,1518264238.0,41.243720367,-8.556284717,110.0,12.089,76.80,1.6,?,?
432,1518264239.0,41.243745933,-8.556141333,109.6,12.244,76.30,4.2,?,?
433,1518264240.0,41.243771067,-8.5559987,108.8,12.244,76.40,1.5,?,?
434,1518264241.0,41.243796517,-8.555857117,108.2,12.192,76.60,1.5,?,?
435,1518264242.0,41.24382185,-8.5557163,107.4,12.089,77.00,1.5,?,?
436,1518264243.0,41.243847067,-8.555577267,106.7,11.935,77.00,1.5,?,?
437,1518264244.0,41.243871733,-8.555440083,106.4,11.781,77.10,1.5,?,?
438,1518264245.0,41.243896717,-8.555305683,106.3,11.524,76.80,1.5,?,?
439,1518264246.0,41.24392065,-8.555174417,106.7,11.215,76.80,1.5,?,?
440,1518264247.0,41.243943217,-8.55504285,107.1,11.112,77.20,1.5,?,?
441,1518264248.0,41.243960733,-8.554912067,108.3,10.598,82.10,1.7,?,?
442,1518264249.0,41.243964133,-8.554795167,110.0,9.157,91.50,1.7,?,?
443,1518264250.0,41.243949017,-8.55469745,110.7,8.025,105.50,1.7,?,?
444,1518264251.0,41.24390735,-8.554605333,110.7,8.334,122.90,1.7,?,?
445,1518264252.0,41.2438697,-8.554517483,110.7,8.643,124.60,1.7,?,?
446,1518264253.0,41.243846067,-8.5544221,110.6,9.003,111.30,1.7,?,?
447,1518264254.0,41.243841933,-8.554327133,110.2,8.694,94.40,2.5,?,?
448,1518264255.0,41.243869017,-8.554239717,111.1,8.283,69.70,2.5,?,?
449,1518264256.0,41.243906217,-8.55415985,110.8,8.437,49.30,2.3,?,?
450,1518264257.0,41.2439597,-8.554101267,110.1,8.334,32.30,1.7,?,?
451,1518264258.0,41.244022333,-8.554063083,109.8,8.283,16.50,1.7,?,?
452,1518264259.0,41.244089367,-8.554056417,109.1,8.231,358.90,1.7,?,?
453,1518264260.0,41.244155417,-8.55409595,106.3,8.334,341.10,1.5,?,?
454,1518264261.0,41.244216433,-8.554145217,105.5,8.437,324.90,1.5,?,?
455,1518264262.0,41.244264933,-8.554217083,103.7,8.540,309.80,1.5,?,?
456,1518264263.0,41.2442976,-8.554304683,102.9,8.591,294.10,1.5,?,?
457,1518264264.0,41.244312733,-8.554401483,102.5,8.694,279.60,1.5,?,?
458,1518264265.0,41.244296217,-8.554495133,101.8,8.437,259.30,1.5,?,?
459,1518264266.0,41.2442611,-8.55458265,101.5,8.694,238.70,1.5,?,?
460,1518264267.0,41.244208633,-8.55466055,101.2,9.311,222.80,1.6,?,?
461,1518264268.0,41.244139733,-8.5547351,101.1,10.289,216.40,1.8,2.7,3.2
462,1518264269.0,41.244063583,-8.554815617,100.9,11.009,219.90,1.8,2.7,3.2
463,1518264270.0,41.243998517,-8.5549145,100.3,11.678,231.70,1.8,2.7,3.2
464,1518264271.0,41.24394285,-8.5550349,100.2,12.758,241.70,1.9,2.7,3.3
465,1518264272.0,41.243897533,-8.55517365,99.9,13.376,247.60,1.7,?,?
466,1518264273.0,41.2438847,-8.55530845,99.3,12.501,256.60,1.7,?,?
467,1518264274.0,41.2438645,-8.555446017,99.4,11.935,258.20,1.7,?,?
468,1518264275.0,41.243843183,-8.555579683,99.4,11.421,258.30,1.7,?,?
469,1518264276.0,41.243821517,-8.555709267,99.5,11.112,258.00,1.5,?,?
470,1518264277.0,41.24380065,-8.55583595,99.7,10.906,257.60,1.5,?,?
471,1518264278.0,41.243777517,-8.55596625,99.9,11.112,256.80,1.5,?,?
472,1518264279.0,41.243755533,-8.556097067,100.2,11.266,256.60,1.5,?,?
473,1518264280.0,41.243733517,-8.5562285,100.8,11.421,256.40,1.5,?,?
474,1518264281.0,41.2437112,-8.556361267,101.2,11.575,256.30,1.4,?,?
475,1518264282.0,41.243690417,-8.556495767,101.7,11.781,256.70,1.6,?,?
476,1518264283.0,41.24367055,-8.5566309,102.4,11.935,257.40,1.5,?,?
477,1518264284.0,41.243651717,-8.556766983,102.6,11.935,258.40,1.5,?,?
478,1518264285.0,41.243631883,-8.556904483,102.7,11.935,258.70,1.5,?,?
479,1518264286.0,41.243613233,-8.557040967,103.3,11.832,258.40,1.5,?,?
480,1518264287.0,41.243590133,-8.557181867,103.0,11.987,257.40,1.5,?,?
481,1518264288.0,41.243564717,-8.557328717,101.6,12.192,256.60,1.5,?,?
482,1518264289.0,41.24353695,-8.557476533,100.6,12.552,255.70,1.5,?,?
483,1518264290.0,41.2435113,-8.5576205,99.4,12.450,255.90,1.5,?,?
484,1518264291.0,41.243483833,-8.5577621,98.3,12.398,255.80,1.5,?,?
485,1518264292.0,41.243459133,-8.5579042,97.0,12.192,256.30,1.5,?,?
486,1518264293.0,41.243432633,-8.558047383,95.7,12.192,256.30,1.5,?,?
487,1518264294.0,41.243406583,-8.55818925,94.8,12.089,256.10,1.5,?,?
488,1518264295.0,41.24337515,-8.5583293,93.7,12.141,254.60,1.5,?,?
489,1518264296.0,41.24334835,-8.558468017,93.1,12.141,255.20,1.5,?,?
490,1518264297.0,41.243322133,-8.558608,92.6,12.089,255.50,1.6,?,?
491,1518264298.0,41.24329775,-8.558747067,92.1,11.935,256.20,1.6,?,?
492,1518264299.0,41.243273,-8.558883967,91.6,11.832,256.80,1.9,?,?
493,1518264300.0,41.2432469,-8.559020083,91.6,11.729,256.70,1.6,?,?
494,1518264301.0,41.243222733,-8.559149067,92.2,11.318,257.10,1.9,?,?
495,1518264302.0,41.243198717,-8.559275867,93.2,10.958,256.80,1.6,?,?
496,1518264303.0,41.243177267,-8.559402933,94.7,10.649,256.80,1.6,?,?
497,1518264304.0,41.243156083,-8.559530817,96.1,10.700,256.90,1.6,?,?
498,1518264305.0,41.243134333,-8.5596567,97.3,10.752,257.10,1.6,?,?
499,1518264306.0,41.243112317,-8.559785617,98.1,11.009,257.50,1.6,?,?
500,1518264307.0,41.243085367,-8.5599171,99.1,11.266,255.80,1.6,?,?
501,1518264308.0,41.243060233,-8.56005115,100.1,11.524,255.90,1.6,?,?
502,1518264309.0,41.243037117,-8.560185167,100.7,11.524,256.40,1.6,?,?
503,1518264310.0,41.2430173,-8.560317117,101.8,11.369,257.50,1.6,?,?
504,1518264311.0,41.242994433,-8.5604533,103.1,11.524,257.10,1.6,?,?
505,1518264312.0,41.24297425,-8.560589,104.3,11.575,257.50,1.6,?,?
506,1518264313.0,41.242954233,-8.560719967,105.6,11.369,257.50,2.0,?,?
507,1518264314.0,41.24293315,-8.560854783,106.3,11.472,257.70,2.0,?,?
508,1518264315.0,41.242910967,-8.560987783,106.9,11.472,257.10,2.0,?,?
509,1518264316.0,41.2428893,-8.561123983,107.0,11.472,257.80,2.1,?,?
510,1518264317.0,41.242857617,-8.56126595,106.0,11.832,256.40,2.1,?,?
511,1518264318.0,41.24282175,-8.5614078,105.1,11.987,254.60,2.1,?,?
512,1518264319.0,41.242794567,-8.561545917,104.4,11.884,255.40,2.1,?,?
513,1518264320.0,41.242765383,-8.561682733,103.7,11.781,255.30,2.1,?,?
514,1518264321.0,41.242736,-8.56182025,103.8,11.832,254.40,2.1,?,?
515,1518264322.0,41.242718483,-8.561954167,103.8,11.935,257.40,2.1,?,?
516,1518264323.0,41.242706533,-8.562096417,104.3,12.604,262.40,1.9,?,?
517,1518264324.0,41.2427251,-8.56222715,104.3,11.729,274.80,1.9,4.0,4.5
518,1518264325.0,41.242744383,-8.562350067,104.6,10.803,281.00,1.9,4.0,4.5
519,1518264326.0,41.24277745,-8.562462367,104.8,10.083,287.50,1.9,4.0,4.5
520,1518264327.0,41.242799933,-8.562575717,104.6,9.569,284.20,1.8,?,?
521,1518264328.0,41.24279095,-8.5626833,104.4,8.797,269.50,1.8,?,?
522,1518264329.0,41.242786667,-8.562779983,104.5,8.077,250.50,1.8,?,?
523,1518264330.0,41.242736833,-8.56285705,104.8,9.106,222.10,1.9,4.0,4.5
524,1518264331.0,41.24266975,-8.562889233,105.7,10.392,196.90,22.6,34.7,41.4
525,1518264332.0,41.24257845,-8.562895017,105.5,11.626,181.00,1.9,4.0,4.5
526,1518264333.0,41.24247515,-8.562883783,104.2,12.604,172.50,22.4,34.5,41.2
527,1518264334.0,41.242370417,-8.56285785,103.6,12.964,167.10,4.6,1.0,4.7
528,1518264335.0,41.242354333,-8.562687467,103.2,11.626,135.50,3.9,1.0,4.0
529,1518264336.0,41.242284867,-8.562575267,102.1,12.398,131.90,1.7,?,?
530,1518264337.0,41.242207783,-8.5624791,102.7,12.398,138.80,3.1,?,?
531,1518264338.0,41.2421231,-8.5624038,104.8,12.192,149.80,1.7,?,?
532,1518264339.0,41.242020033,-8.562353917,105.1,12.450,161.40,1.7,?,?
533,1518264340.0,41.241915983,-8.562324083,105.7,12.398,169.40,1.8,?,?
534,1518264341.0,41.241805417,-8.5622998,105.6,12.758,172.50,1.8,?,?
535,1518264342.0,41.241692467,-8.562285533,105.4,12.964,176.20,1.8,3.9,4.3
536,1518264343.0,41.2415831,-8.562272817,105.7,12.758,177.90,1.8,3.9,4.3
537,1518264344.0,41.24148235,-8.562257883,107.0,12.141,177.70,1.8,3.9,4.3
538,1518264345.0,41.241374317,-8.562250633,107.1,11.884,176.80,1.6,?,?
539,1518264346.0,41.24126705,-8.562250667,107.5,11.729,179.60,1.8,3.9,4.3
540,1518264347.0,41.24116175,-8.562251183,108.6,11.575,179.80,1.8,3.9,4.3
541,1518264348.0,41.241057883,-8.562249867,109.6,11.524,179.10,1.8,3.9,4.3
542,1518264349.0,41.240954033,-8.56224775,110.6,11.626,178.60,1.8,3.9,4.3
543,1518264350.0,41.240849883,-8.562243967,111.6,11.781,178.40,1.8,3.9,4.3
544,1518264351.0,41.2407453,-8.562240083,112.5,11.781,178.50,1.7,?,?
545,1518264352.0,41.240639117,-8.562238983,113.4,11.987,179.90,1.7,?,?
546,1518264353.0,41.240525667,-8.5622441,111.9,11.935,182.30,1.8,3.9,4.3
547,1518264354.0,41.2404149,-8.562254,111.4,11.781,186.30,1.8,3.9,4.3
548,1518264355.0,41.2403083,-8.562278133,111.1,11.524,192.20,1.8,3.9,4.3
549,1518264356.0,41.240202083,-8.562320917,110.0,11.575,198.80,2.2,5.2,5.7
550,1518264357.0,41.240102483,-8.562385083,108.8,11.729,207.20,1.8,3.9,4.3
551,1518264358.0,41.2400146,-8.5624585,108.0,11.678,214.50,1.8,3.9,4.3
552,1518264359.0,41.239935517,-8.56254125,107.7,11.729,221.20,1.1,?,?
553,1518264360.0,41.2398608,-8.56264035,106.6,11.884,227.50,1.1,?,?
554,1518264361.0,41.23978955,-8.56274725,105.5,11.987,230.90,1.8,?,?
555,1518264362.0,41.23972115,-8.56286195,104.8,12.038,233.20,1.8,?,?
556,1518264363.0,41.239657717,-8.562976617,103.6,11.935,234.80,1.8,?,?
557,1518264364.0,41.23959785,-8.563093533,102.4,11.884,236.90,1.8,?,?
558,1518264365.0,41.23954225,-8.56321245,101.1,11.832,239.10,1.8,?,?
559,1518264366.0,41.2394914,-8.5633352,99.8,11.781,241.90,1.9,?,?
560,1518264367.0,41.239445517,-8.56346205,98.7,11.781,245.10,2.0,?,?
561,1518264368.0,41.239401683,-8.56359735,97.5,11.935,247.30,2.0,?,?
562,1518264369.0,41.239361717,-8.563739317,96.2,12.141,249.50,2.0,?,?
563,1518264370.0,41.23931615,-8.56387995,95.5,12.141,250.10,2.1,4.1,4.6
564,1518264374.0,41.239273717,-8.5640216,94.6,?,?,20.7,32.2,38.3
565,1518264376.0,41.239139133,-8.5645397,93.5,?,?,7.1,1.0,7.2
566,1518264379.0,41.23908725,-8.564761383,94.3,?,?,7.1,1.0,7.2
567,1518264380.0,41.2389359,-8.565211133,89.8,13.273,244.90,20.3,31.7,37.7
568,1518264381.0,41.238903017,-8.5653389,88.4,12.861,243.20,9.6,?,?
569,1518264382.0,41.238903733,-8.565407983,88.3,10.392,243.00,9.6,?,?
570,1518264383.0,41.238877317,-8.565518067,87.4,8.488,245.50,57.7,?,?
571,1518264384.0,41.238862333,-8.56559155,87.9,6.431,245.50,9.6,?,?
572,1518264385.0,41.238848683,-8.565647067,87.8,5.042,244.20,9.6,?,?
573,1518264386.0,41.2388342,-8.565666033,87.7,3.292,233.20,7.8,?,?
574,1518264387.0,41.238838667,-8.56566665,90.2,1.183,215.00,7.8,?,?
575,1518264388.0,41.238844167,-8.5656508,90.6,0.463,88.70,8.5,?,?
576,1518264389.0,41.23884695,-8.565645167,91.0,0.617,52.50,10.7,?,?
577,1518264390.0,41.238853933,-8.565633317,91.1,0.772,37.10,10.7,?,?
578,1518264391.0,41.2388563,-8.565629617,91.4,0.720,32.60,10.7,?,?
579,1518264392.0,41.238857333,-8.56562715,91.4,0.514,36.90,10.7,?,?
580,1518264393.0,41.238862767,-8.565620217,91.5,0.617,33.70,10.7,?,?
581,1518264394.0,41.238867267,-8.565613533,91.5,0.566,32.90,10.7,?,?
582,1518264395.0,41.238871983,-8.565617667,93.8,0.412,27.80,9.5,?,?
583,1518264396.0,41.23886785,-8.565626233,96.1,0.154,200.90,9.5,?,?
584,1518264397.0,41.238864517,-8.565646933,100.0,0.206,247.10,2.0,?,?
585,1518264398.0,41.238859167,-8.565673167,104.7,0.103,322.20,3.7,?,?
586,1518264399.0,41.238859833,-8.5656866,108.5,0.154,310.60,2.0,?,?
587,1518264400.0,41.238863233,-8.565689917,110.8,0.103,335.00,1.3,?,?
588,1518264401.0,41.23886505,-8.565692783,113.2,0.257,239.80,1.3,?,?
589,1518264402.0,41.238864333,-8.56569585,114.8,0.463,235.10,1.3,?,?
590,1518264403.0,41.238864883,-8.5656973,116.3,0.514,226.40,1.3,?,?
591,1518264404.0,41.2388648,-8.565706117,116.8,0.926,230.30,1.3,?,?
592,1518264405.0,41.238843833,-8.5657169,118.2,1.955,189.40,1.3,?,?
593,1518264406.0,41.238818383,-8.565714433,118.7,2.881,170.90,1.4,?,?
594,1518264407.0,41.238803583,-8.565684433,117.9,2.984,145.70,1.4,?,?
595,1518264408.0,41.238798,-8.565654067,117.2,2.572,117.20,1.4,?,?
596,1518264409.0,41.23878885,-8.56563585,116.6,1.955,126.50,4.8,13.4,14.2
597,1518264410.0,41.238777733,-8.565617533,115.3,1.852,134.20,2.0,?,?
598,1518264411.0,41.238779533,-8.565605817,114.5,1.183,103.60,2.0,?,?
599,1518264412.0,41.2387848,-8.565585717,114.2,1.852,72.20,2.0,?,?
600,1518264413.0,41.23880055,-8.565553317,114.1,3.395,59.40,2.1,?,?
601,1518264414.0,41.238825583,-8.5655111,114.2,4.784,54.20,1.7,?,?
602,1518264415.0,41.238851617,-8.56546115,113.9,5.402,57.10,1.6,?,?
603,1518264416.0,41.238880667,-8.5653936,113.8,6.739,61.80,1.6,?,?
604,1518264418.0,41.238920333,-8.56530775,113.7,?,?,2.1,?,?
605,1518264419.0,41.239038517,-8.565093733,114.0,11.987,56.30,14.4,?,?
606,1518264420.0,41.239103533,-8.564967717,114.3,12.707,56.70,14.5,?,?
607,1518264421.0,41.239168033,-8.564842917,114.2,13.015,57.50,1.8,?,?
608,1518264422.0,41.239231633,-8.56471685,115.2,12.913,56.60,3.8,?,?
609,1518264423.0,41.239268633,-8.5645713,117.1,12.347,62.60,3.8,?,?
610,1518264424.0,41.239299233,-8.56444255,112.9,12.038,66.20,4.2,?,?
611,1518264426.0,41.239340417,-8.564307183,113.6,?,?,4.2,?,?
612,1518264427.0,41.239409767,-8.564033267,114.1,11.729,70.20,4.2,?,?
613,1518264428.0,41.239428367,-8.563903017,114.7,11.421,72.30,4.2,?,?
614,1518264429.0,41.239448767,-8.563763683,114.6,11.369,74.90,4.2,?,?
615,1518264430.0,41.23948265,-8.563607867,113.4,11.884,75.00,4.2,?,?
616,1518264431.0,41.239516067,-8.563448567,112.8,12.192,75.30,4.2,?,?
617,1518264432.0,41.239527483,-8.563312733,112.1,12.450,67.20,25.8,?,?
618,1518264433.0,41.2395685,-8.563169967,112.6,12.192,61.60,26.0,?,?
619,1518264434.0,41.239621983,-8.563047033,112.6,12.141,56.90,5.5,?,?
620,1518264435.0,41.239681383,-8.562925533,112.5,12.295,54.00,5.5,?,?
621,1518264436.0,41.23974755,-8.562809633,112.4,12.347,50.80,5.5,?,?
622,1518264437.0,41.239816917,-8.562695983,112.2,12.398,49.10,3.7,?,?
623,1518264438.0,41.239889817,-8.562584767,112.1,12.501,47.90,3.7,?,?
624,1518264439.0,41.239968617,-8.562480117,111.8,12.552,44.30,5.5,?,?
625,1518264440.0,41.24005505,-8.562385017,111.3,12.552,38.20,5.5,?,?
626,1518264441.0,41.240152,-8.5623078,110.9,12.604,30.20,5.5,?,?
627,1518264442.0,41.2402577,-8.562249983,110.6,12.707,22.30,4.3,?,?
628,1518264443.0,41.240370467,-8.562217183,111.7,12.655,13.80,1.9,?,?
629,1518264444.0,41.240484117,-8.562190283,112.8,12.655,7.80,1.9,?,?
630,1518264445.0,41.24059835,-8.56217785,113.4,12.655,1.90,1.9,?,?
631,1518264446.0,41.240713833,-8.562173333,114.1,12.758,358.60,1.5,?,?
632,1518264447.0,41.240826767,-8.5621804,113.4,12.810,357.30,1.5,?,?
633,1518264448.0,41.24094095,-8.562189217,112.6,12.913,357.00,1.5,?,?
634,1518264449.0,41.2410528,-8.56219625,111.7,12.758,357.70,1.6,?,?
635,1518264450.0,41.241163883,-8.5622038,110.3,12.552,358.40,1.5,?,?
636,1518264451.0,41.241274717,-8.562212733,108.8,12.501,357.90,1.5,?,?
637,1518264452.0,41.241385583,-8.562219283,107.3,12.450,358.30,1.5,?,?
638,1518264453.0,41.2414984,-8.562227817,106.2,12.501,357.90,1.5,?,?
639,1518264454.0,41.241608367,-8.562231117,106.2,12.038,357.60,1.6,?,?
640,1518264455.0,41.241726067,-8.5622572,106.2,12.450,350.50,1.6,?,?
641,1518264456.0,41.241833183,-8.562282583,106.9,12.192,346.10,1.6,?,?
642,1518264457.0,41.241939533,-8.5623162,106.8,11.987,344.10,1.6,?,?
643,1518264458.0,41.2420385,-8.5623546,106.2,11.524,342.90,1.6,?,?
644,1518264459.0,41.24213275,-8.562389833,105.6,10.855,344.10,1.6,?,?
645,1518264460.0,41.242215867,-8.562410867,105.3,9.414,350.90,1.6,?,?
646,1518264461.0,41.242303867,-8.56240555,104.9,9.363,6.60,1.5,?,?
647,1518264462.0,41.242396517,-8.5623699,104.3,10.443,21.00,1.5,?,?
648,1518264463.0,41.24247765,-8.562311317,104.7,10.958,31.40,1.5,?,?
649,1518264464.0,41.242553917,-8.562239417,104.9,11.215,37.70,1.5,?,?
650,1518264465.0,41.242621667,-8.562150483,105.4,11.472,45.60,1.5,?,?
651,1518264466.0,41.242688683,-8.5620342,105.6,11.626,57.60,1.5,?,?
652,1518264467.0,41.242732033,-8.56189615,106.0,12.295,71.80,2.8,?,?
653,1518264468.0,41.242762033,-8.561739133,106.3,13.684,78.70,1.5,?,?
654,1518264469.0,41.242790667,-8.561563283,106.7,15.536,79.40,2.8,?,?
655,1518264470.0,41.242822617,-8.561365233,106.9,17.440,78.20,2.8,?,?
656,1518264471.0,41.2428578,-8.561157783,106.9,18.108,77.80,2.8,?,?
657,1518264472.0,41.242892933,-8.560953733,106.8,17.594,77.70,2.8,?,?
658,1518264473.0,41.24292855,-8.56075305,106.9,17.080,77.10,2.8,?,?
659,1518264474.0,41.242964967,-8.560557833,107.4,16.617,76.70,2.8,?,?
660,1518264475.0,41.243000517,-8.560367817,108.0,16.051,76.50,2.8,?,?
661,1518264476.0,41.243033767,-8.560190533,108.6,14.970,77.10,2.8,?,?
662,1518264477.0,41.243065367,-8.560024333,109.7,13.839,77.20,2.8,?,?
663,1518264478.0,41.243094733,-8.559870433,110.7,12.913,77.30,2.8,?,?
664,1518264479.0,41.243123783,-8.559724183,112.0,12.398,76.60,2.8,?,?
665,1518264480.0,41.243154417,-8.55958025,113.4,12.347,75.10,2.8,?,?
666,1518264481.0,41.243186867,-8.559437767,114.7,12.398,74.10,2.8,?,?
667,1518264482.0,41.243219783,-8.559294583,116.2,12.501,74.40,2.8,?,?
668,1518264483.0,41.2432515,-8.5591513,117.6,12.552,75.10,2.8,?,?
669,1518264484.0,41.24328005,-8.55900945,118.9,12.347,76.30,2.8,?,?
670,1518264485.0,41.243305267,-8.558870617,120.3,11.884,76.80,2.8,?,?
671,1518264486.0,41.243323533,-8.558745917,117.7,11.524,75.50,2.8,?,?
672,1518264487.0,41.2433426,-8.558619117,115.5,11.421,74.70,2.2,?,?
673,1518264488.0,41.24336385,-8.5584874,114.5,11.472,74.70,2.2,?,?
674,1518264489.0,41.243387717,-8.558351383,114.8,11.678,75.20,2.2,?,?
675,1518264490.0,41.24341185,-8.558215467,114.9,11.781,75.10,2.2,?,?
676,1518264491.0,41.243435183,-8.558076933,115.3,11.935,76.40,2.2,?,?
677,1518264492.0,41.243457417,-8.557935017,116.2,12.089,78.20,2.2,?,?
678,1518264493.0,41.243477867,-8.557791967,117.0,12.295,79.20,2.2,?,?
679,1518264494.0,41.243500033,-8.557650133,117.5,12.244,78.00,2.7,?,?
680,1518264495.0,41.24352395,-8.5575059,118.8,12.192,77.40,2.7,?,?
681,1518264496.0,41.243548983,-8.557361133,120.2,12.244,77.10,2.7,?,?
682,1518264497.0,41.24357435,-8.557216417,121.6,12.244,76.80,2.7,?,?
683,1518264498.0,41.243600717,-8.5570712,122.8,12.347,76.40,2.7,?,?
684,1518264499.0,41.243626433,-8.556922233,123.8,12.604,76.70,2.7,?,?
685,1518264500.0,41.243651767,-8.55677365,124.3,12.707,76.80,2.2,?,?
686,1518264501.0,41.243676,-8.55662445,124.5,12.758,77.30,2.2,?,?
687,1518264502.0,41.24370055,-8.556476167,124.6,12.707,77.50,2.2,?,?
688,1518264503.0,41.24372615,-8.556329983,124.6,12.758,77.10,2.2,?,?
689,1518264504.0,41.24375305,-8.556183567,124.2,12.861,76.50,2.3,?,?
690,1518264505.0,41.24377975,-8.556035367,123.7,12.964,76.70,2.9,?,?
691,1518264506.0,41.243807517,-8.555888367,123.3,12.913,76.90,4.5,?,?
692,1518264507.0,41.2438345,-8.555739283,123.2,12.810,76.80,4.5,?,?
693,1518264508.0,41.2438617,-8.555592167,123.1,12.655,76.70,4.5,?,?
694,1518264509.0,41.243887733,-8.555445567,123.3,12.501,77.10,4.5,?,?
695,1518264510.0,41.243913083,-8.555299717,123.6,12.347,77.00,4.5,?,?
696,1518264511.0,41.243938083,-8.555154867,124.5,12.141,77.10,2.9,?,?
697,1518264512.0,41.2439626,-8.55501665,124.9,11.832,76.10,2.9,?,?
698,1518264513.0,41.24398255,-8.55489375,124.1,10.803,79.50,2.9,?,?
699,1518264514.0,41.243983783,-8.5547751,124.4,9.620,92.30,2.2,?,?
700,1518264515.0,41.24396065,-8.554667367,125.9,9.106,113.10,2.2,?,?
701,1518264516.0,41.243917717,-8.55456815,126.3,9.672,125.30,2.2,?,?
702,1518264517.0,41.243877467,-8.55447225,125.1,9.466,120.10,2.2,?,?
703,1518264518.0,41.2438567,-8.554366317,124.2,9.723,100.70,2.2,?,?
704,1518264519.0,41.2438643,-8.554253317,123.8,10.186,79.40,2.2,?,?
705,1518264520.0,41.243902883,-8.554152167,122.2,10.392,59.60,2.2,?,?
706,1518264521.0,41.2439662,-8.554066883,121.3,10.700,41.50,2.2,?,?
707,1518264522.0,41.244045017,-8.554006633,120.7,10.495,24.00,2.2,?,?
708,1518264523.0,41.244118067,-8.5540172,113.9,10.752,354.20,12.6,?,?
709,1518264524.0,41.244202733,-8.554074017,112.2,11.163,332.10,1.5,?,?
710,1518264525.0,41.2442715,-8.55415975,110.9,11.266,313.50,1.8,?,?
711,1518264526.0,41.24431675,-8.554280333,109.7,11.472,295.70,2.4,?,?
712,1518264527.0,41.244325983,-8.55441815,105.7,10.958,278.60,1.6,?,?
713,1518264528.0,41.2443026,-8.554540867,103.9,10.495,258.10,1.8,?,?
714,1518264529.0,41.244231517,-8.554641917,102.9,11.009,231.00,2.0,4.2,4.7
715,1518264530.0,41.244141,-8.554718783,102.2,11.678,214.40,15.6,25.6,30.0
716,1518264531.0,41.244058783,-8.554800417,101.1,11.472,217.30,1.9,4.0,4.4
717,1518264532.0,41.24398875,-8.5549073,100.3,12.089,231.80,1.8,?,?
718,1518264533.0,41.243937033,-8.555031083,99.5,12.913,244.10,1.8,?,?
719,1518264534.0,41.24390205,-8.555164733,98.4,12.913,251.80,2.8,?,?
720,1518264535.0,41.24387495,-8.555302383,97.2,12.450,256.00,1.8,?,?
721,1518264536.0,41.243865367,-8.555437383,96.9,11.626,260.20,1.2,?,?
722,1518264537.0,41.24385025,-8.55557155,96.7,11.266,259.00,1.2,?,?
723,1518264538.0,41.243832517,-8.555703367,96.4,11.215,258.10,1.2,?,?
724,1518264539.0,41.243813683,-8.555834233,96.1,11.215,257.70,1.2,?,?
725,1518264540.0,41.2437936,-8.55596495,95.9,11.266,257.20,1.2,?,?
726,1518264541.0,41.243771833,-8.556102717,96.1,11.524,257.30,1.1,?,?
727,1518264542.0,41.2437505,-8.5562399,96.0,11.678,257.60,1.1,?,?
728,1518264543.0,41.24372965,-8.55637665,95.5,11.781,257.90,1.1,?,?
729,1518264544.0,41.24370755,-8.556515917,95.0,11.987,257.90,1.1,?,?
730,1518264545.0,41.24368555,-8.5566564,94.3,12.192,257.90,1.2,?,?
731,1518264546.0,41.2436644,-8.55679655,93.5,12.244,258.20,1.2,?,?
732,1518264547.0,41.243643017,-8.556938233,92.6,12.244,258.40,1.2,?,?
733,1518264548.0,41.24362265,-8.557080883,91.5,12.244,258.90,1.2,?,?
734,1518264549.0,41.243601167,-8.557224567,90.1,12.244,258.20,1.2,?,?
735,1518264550.0,41.243576183,-8.557370267,88.8,12.501,257.00,1.3,?,?
736,1518264551.0,41.243548217,-8.557517133,87.6,12.450,256.30,1.3,?,?
737,1518264552.0,41.243517017,-8.557672867,87.8,12.552,256.60,1.3,?,?
738,1518264553.0,41.243493817,-8.557814583,86.3,12.347,257.40,1.2,?,?
739,1518264554.0,41.24346975,-8.55795785,85.0,12.244,257.50,1.2,?,?
740,1518264555.0,41.243444433,-8.55810205,84.0,12.244,257.10,1.2,?,?
741,1518264556.0,41.243418767,-8.558245467,83.0,12.244,256.90,1.2,?,?
742,1518264557.0,41.243394467,-8.558388233,82.0,12.192,257.30,1.2,?,?
743,1518264558.0,41.2433703,-8.558532883,81.2,12.192,257.80,1.2,?,?
744,1518264559.0,41.2433473,-8.558674383,80.1,12.141,257.90,1.2,?,?
745,1518264560.0,41.243322933,-8.5588187,79.5,12.192,257.80,1.2,?,?
746,1518264561.0,41.243298733,-8.558961617,79.3,11.987,257.90,1.7,?,?
747,1518264562.0,41.243274233,-8.559104767,80.0,11.832,258.20,1.2,?,?
748,1518264563.0,41.24324585,-8.559250983,82.2,11.472,257.60,1.1,?,?
749,1518264564.0,41.243217283,-8.559397683,84.5,11.421,257.10,1.2,?,?
750,1518264565.0,41.243189633,-8.55954785,86.3,12.398,257.50,1.1,?,?
751,1518264566.0,41.2431586,-8.559719183,88.5,14.456,258.10,1.1,?,?
752,1518264567.0,41.243126,-8.559906083,90.3,16.411,258.30,1.1,?,?
753,1518264568.0,41.243091783,-8.5601133,91.8,18.263,258.60,1.1,?,?
754,1518264569.0,41.243054333,-8.56033945,93.4,19.858,258.60,1.8,?,?
755,1518264570.0,41.243006717,-8.560582883,95.3,21.401,257.70,1.8,?,?
756,1518264571.0,41.242954617,-8.560843133,96.8,22.841,257.00,1.8,?,?
757,1518264572.0,41.2429052,-8.561095217,98.7,22.481,256.10,1.8,?,?
758,1518264573.0,41.242857417,-8.5613366,100.3,21.041,255.00,1.8,?,?
759,1518264574.0,41.242806417,-8.561557083,101.8,19.034,252.80,1.8,?,?
760,1518264575.0,41.24276275,-8.561751317,103.1,16.565,251.60,1.8,?,?
761,1518264576.0,41.24274005,-8.561914133,103.7,13.736,254.20,1.8,?,?
762,1518264577.0,41.242733367,-8.562054083,103.9,11.626,265.50,1.2,?,?
763,1518264578.0,41.242742967,-8.562188617,105.1,11.009,276.40,1.3,?,?
764,1518264579.0,41.24278925,-8.5623036,105.6,10.958,298.40,1.3,?,?
765,1518264580.0,41.242836633,-8.562428467,106.9,11.318,302.50,1.3,?,?
766,1518264581.0,41.242870033,-8.5625501,107.1,10.855,290.00,1.2,?,?
767,1518264582.0,41.242851817,-8.562674167,106.6,10.598,261.30,1.2,?,?
768,1518264583.0,41.242803033,-8.56278925,106.7,11.215,236.60,1.7,?,?
769,1518264584.0,41.242705517,-8.562867467,107.0,13.067,210.10,1.8,?,?
770,1518264585.0,41.242593333,-8.562904533,106.6,14.610,190.40,14.3,24.0,28.0
771,1518264586.0,41.242470733,-8.562907167,105.5,15.382,178.60,14.3,24.0,28.0
772,1518264587.0,41.2423445,-8.56288515,103.1,15.330,171.40,14.3,24.0,27.9
773,1518264588.0,41.242240517,-8.562830083,101.2,14.096,163.40,14.3,24.0,27.9
774,1518264589.0,41.242257383,-8.562577967,100.2,12.810,127.90,4.7,?,?
775,1518264590.0,41.242189883,-8.562476517,100.3,11.781,135.80,3.0,?,?
776,1518264591.0,41.242109533,-8.562399317,101.5,11.472,149.60,1.6,?,?
777,1518264592.0,41.242015967,-8.562347717,102.3,11.781,161.80,1.7,?,?
778,1518264593.0,41.24192225,-8.562323833,102.8,11.369,170.70,1.7,?,?
779,1518264594.0,41.241822267,-8.562302817,103.0,11.626,172.00,1.7,?,?
780,1518264595.0,41.2417177,-8.562293717,103.5,11.832,172.10,1.8,3.9,4.3
781,1518264596.0,41.241615483,-8.562282183,105.2,11.729,173.60,1.8,3.9,4.3
782,1518264597.0,41.24151245,-8.562269883,106.7,11.678,175.10,1.8,3.9,4.3
783,1518264598.0,41.241410183,-8.562257517,108.3,11.729,176.30,1.1,?,?
784,1518264599.0,41.241309,-8.562251217,110.0,11.626,178.20,1.1,?,?
785,1518264600.0,41.241205867,-8.562246217,111.7,11.524,179.00,1.1,?,?
786,1518264601.0,41.241101683,-8.562241567,112.7,11.575,179.30,1.1,?,?
787,1518264602.0,41.240999517,-8.5622366,114.2,11.575,178.70,1.1,?,?
788,1518264603.0,41.240899717,-8.5622308,116.5,11.678,178.20,1.1,?,?
789,1518264604.0,41.24079395,-8.5622263,116.9,11.781,178.50,1.1,?,?
790,1518264605.0,41.240688983,-8.562222483,117.8,11.884,178.40,1.1,?,?
791,1518264606.0,41.240582367,-8.56221815,118.3,11.884,178.30,1.1,?,?
792,1518264607.0,41.240476633,-8.562221483,118.3,11.678,182.70,1.1,?,?
793,1518264608.0,41.240373967,-8.562239467,118.2,11.318,189.40,2.0,4.3,4.7
794,1518264609.0,41.240274567,-8.562273217,118.0,11.163,196.70,1.8,3.9,4.3
795,1518264610.0,41.240178267,-8.562322133,117.6,11.266,203.30,1.8,3.9,4.3
796,1518264611.0,41.240085283,-8.562389817,116.7,11.575,211.90,2.0,4.3,4.7
797,1518264612.0,41.2399992,-8.562478183,116.0,11.987,219.50,2.0,4.3,4.7
798,1518264613.0,41.239920783,-8.562577967,115.2,12.141,225.30,2.0,4.3,4.7
799,1518264614.0,41.239848533,-8.562689033,114.6,12.347,229.70,2.0,4.3,4.7
800,1518264615.0,41.239781017,-8.56280265,113.8,12.192,232.60,2.0,4.3,4.7
801,1518264616.0,41.239716917,-8.562918183,113.1,11.987,234.10,1.9,?,?
802,1518264617.0,41.239656583,-8.563034767,112.1,11.832,235.80,1.3,?,?
803,1518264618.0,41.239599583,-8.563152317,110.9,11.832,237.90,1.3,?,?
804,1518264619.0,41.23954715,-8.56327285,109.8,11.729,240.60,7.7,?,?
805,1518264620.0,41.239496367,-8.563402717,109.1,11.935,243.00,1.9,?,?
806,1518264621.0,41.239451583,-8.563530883,108.7,11.781,245.70,1.9,?,?
807,1518264622.0,41.239409267,-8.563665517,107.8,12.089,248.60,2.0,4.3,4.7
808,1518264623.0,41.2393711,-8.563792333,105.5,11.832,250.80,2.0,4.3,4.7
809,1518264629.0,41.23933405,-8.56392005,105.1,?,?,13.6,23.1,26.8
810,1518264630.0,41.239934017,-8.5647773,107.6,24.488,341.20,36.0,0.1,36.0
811,1518264631.0,41.23912325,-8.564902117,106.3,8.951,251.70,3.4,0.0,3.4
812,1518264632.0,41.239103567,-8.5650264,107.2,12.758,248.80,3.4,0.0,3.4
813,1518264633.0,41.23905485,-8.56514525,107.3,5.196,244.20,3.4,0.0,3.4
814,1518264634.0,41.239028433,-8.565248417,107.3,13.067,250.80,3.4,0.0,3.4
815,1518264635.0,41.238959833,-8.565418833,106.3,7.871,249.00,3.4,0.0,3.4
816,1518264636.0,41.238950517,-8.565485117,107.2,8.643,246.80,3.4,0.0,3.4
817,1518264637.0,41.238923583,-8.565578083,106.7,6.894,247.30,3.4,0.0,3.4
818,1518264638.0,41.238905567,-8.565656633,107.2,5.042,262.70,3.4,0.0,3.4
819,1518264639.0,41.238863283,-8.565745983,105.4,2.624,45.60,3.4,0.0,3.4
820,1518264640.0,41.238866633,-8.565737383,103.7,0.257,16.30,3.4,0.0,3.4
821,1518264641.0,41.238871783,-8.565729183,103.6,0.977,234.50,3.4,0.0,3.4
822,1518264642.0,41.238867817,-8.565755283,104.1,0.309,104.20,3.4,0.0,3.4
823,1518264643.0,41.238872467,-8.56566985,103.2,3.138,95.80,3.4,0.0,3.4
824,1518264644.0,41.238868733,-8.5656423,101.2,2.932,152.10,1.3,?,?
825,1518264645.0,41.238856583,-8.565623567,103.5,2.418,153.00,13.2,22.6,26.2
826,1518264646.0,41.238854,-8.56561095,104.5,1.183,163.20,13.2,22.6,26.2
827,1518264647.0,41.238862133,-8.56560485,106.8,0.875,51.50,1.9,?,?
828,1518264648.0,41.2388677,-8.565594267,108.6,1.029,46.80,1.9,?,?
829,1518264649.0,41.238882267,-8.565579267,110.7,2.006,43.00,1.7,?,?
830,1518264650.0,41.238905183,-8.565549,112.8,3.807,45.70,1.7,?,?
831,1518264651.0,41.23893895,-8.565511667,114.5,5.350,44.30,1.7,?,?
832,1518264652.0,41.238969,-8.565459367,115.5,6.019,50.10,1.9,?,?
833,1518264653.0,41.2389973,-8.565383333,115.3,7.511,59.00,1.9,?,?
834,1518264654.0,41.239031117,-8.565296867,117.0,8.540,63.20,1.9,?,?
835,1518264655.0,41.2390829,-8.565163983,118.0,12.192,64.20,4.6,?,?
836,1518264656.0,41.239132933,-8.565037483,119.2,13.015,63.20,4.6,?,?
837,1518264657.0,41.23917625,-8.5649179,119.9,12.192,63.60,4.6,?,?
838,1518264658.0,41.239203767,-8.564775983,120.6,12.244,68.90,7.0,?,?
839,1518264659.0,41.239240367,-8.564642483,123.8,12.192,69.80,2.7,?,?
840,1518264660.0,41.23927765,-8.564510267,124.7,12.192,70.90,3.0,?,?
841,1518264661.0,41.239294433,-8.5643744,119.0,12.347,73.00,4.0,?,?
842,1518264662.0,41.239324833,-8.564223483,119.9,12.707,74.40,4.0,?,?
843,1518264663.0,41.239351283,-8.564058,120.5,13.376,76.00,4.0,?,?
844,1518264664.0,41.239382717,-8.563818883,120.7,16.359,78.30,4.0,?,?
845,1518264665.0,41.2394028,-8.563638433,120.7,16.205,79.40,4.0,?,?
846,1518264666.0,41.239349083,-8.563450583,117.5,15.536,89.30,4.0,?,?
847,1518264667.0,41.2393184,-8.563283667,115.8,14.816,96.20,4.0,?,?
848,1518264668.0,41.239355017,-8.56313675,116.9,14.610,86.80,3.8,?,?
849,1518264669.0,41.239394833,-8.562987017,116.9,14.456,78.60,3.8,?,?
850,1518264670.0,41.239481033,-8.562906033,119.4,12.604,62.30,3.8,?,?
851,1518264671.0,41.239566383,-8.562816883,121.8,12.450,54.60,3.3,?,?
852,1518264672.0,41.239651967,-8.562725467,123.9,12.501,51.90,4.1,?,?
853,1518264673.0,41.239732917,-8.562625017,125.5,12.552,51.10,4.1,?,?
854,1518264674.0,41.239812667,-8.562519817,126.8,12.707,49.70,4.1,?,?
855,1518264675.0,41.239893867,-8.562414333,127.7,12.810,47.00,4.1,?,?
856,1518264676.0,41.23999145,-8.562362533,125.2,12.655,41.00,3.9,?,?
857,1518264677.0,41.240082583,-8.562276567,124.8,12.655,35.40,3.9,?,?
858,1518264678.0,41.240183483,-8.56221215,123.8,12.655,28.10,3.9,?,?
859,1518264679.0,41.240296917,-8.562162367,125.6,12.810,18.90,3.2,?,?
860,1518264680.0,41.24040775,-8.562126383,126.1,12.810,11.50,1.6,?,?
861,1518264681.0,41.240521517,-8.562111183,126.1,12.810,5.30,1.8,?,?
862,1518264682.0,41.240614983,-8.562164067,114.2,12.604,2.50,1.5,?,?
863,1518264683.0,41.2407388,-8.562170283,114.7,12.707,359.40,1.5,?,?
864,1518264684.0,41.240857583,-8.562177333,114.9,12.707,358.10,1.5,?,?
865,1518264685.0,41.240972883,-8.5621842,114.5,12.707,358.00,1.5,?,?
866,1518264686.0,41.241086633,-8.56219055,113.8,12.604,358.10,1.5,?,?
867,1518264687.0,41.241199433,-8.56219525,113.2,12.552,358.90,1.5,?,?
868,1518264688.0,41.2413139,-8.562199517,112.3,12.655,359.10,1.5,?,?
869,1518264689.0,41.241427733,-8.56220315,111.4,12.861,358.60,1.5,?,?
870,1518264690.0,41.2415389,-8.562211067,110.8,12.450,356.70,1.5,?,?
871,1518264691.0,41.2416545,-8.562227617,110.3,12.398,353.10,1.6,?,?
872,1518264692.0,41.241765633,-8.56225175,109.6,12.295,349.10,1.6,?,?
873,1518264693.0,41.241881467,-8.562280367,108.8,12.398,346.90,1.6,?,?
874,1518264694.0,41.241990417,-8.562315783,108.0,12.141,344.70,1.6,?,?
875,1518264695.0,41.24209265,-8.562351917,107.1,11.421,344.50,1.6,?,?
876,1518264696.0,41.242183833,-8.562381983,106.5,10.135,346.50,1.6,?,?
877,1518264697.0,41.242264333,-8.56240035,106.1,8.746,352.70,2.2,?,?
878,1518264698.0,41.242343983,-8.562389883,106.0,8.694,11.20,1.6,?,?
879,1518264699.0,41.242423383,-8.56234475,105.9,9.980,27.90,1.6,?,?
880,1518264700.0,41.242508083,-8.562287633,106.0,11.112,30.70,1.6,?,?
881,1518264701.0,41.242592967,-8.56221515,106.0,11.884,34.20,1.6,?,?
882,1518264702.0,41.242664283,-8.5621165,106.2,12.398,45.80,1.9,?,?
883,1518264703.0,41.242723317,-8.56198655,106.3,13.015,61.60,1.6,?,?
884,1518264704.0,41.242762567,-8.561826317,106.1,14.765,74.00,1.5,?,?
885,1518264705.0,41.242795783,-8.5616395,105.4,16.977,78.20,1.5,?,?
886,1518264706.0,41.242827933,-8.561423217,104.4,19.343,78.80,1.6,?,?
887,1518264707.0,41.242862883,-8.561192083,102.9,20.475,78.70,1.6,?,?
888,1518264708.0,41.24289795,-8.560962983,101.4,19.960,79.00,1.6,?,?
889,1518264709.0,41.2429325,-8.56073695,99.8,19.497,79.00,12.7,?,?
890,1518264710.0,41.2429678,-8.560519883,98.2,18.674,78.60,15.4,?,?
891,1518264711.0,41.243000183,-8.560311917,96.6,17.748,78.90,12.5,?,?
892,1518264712.0,41.243029883,-8.560113483,94.6,16.771,78.60,12.4,?,?
893,1518264713.0,41.243055983,-8.5599279,92.4,15.536,79.00,12.3,?,?
894,1518264714.0,41.2430791,-8.559757617,89.9,14.199,79.10,12.3,?,?
895,1518264715.0,41.24310725,-8.559601567,89.3,13.067,78.30,3.9,?,?
896,1518264716.0,41.243133233,-8.559455483,88.9,12.192,77.90,3.9,?,?
897,1518264717.0,41.24315805,-8.559308433,88.5,12.501,76.90,3.9,?,?
898,1518264718.0,41.243184767,-8.5591563,88.0,13.015,76.70,3.9,?,?
899,1518264719.0,41.243207467,-8.559008333,87.5,12.450,78.30,3.9,?,?
900,1518264720.0,41.243231867,-8.5588673,88.1,11.626,77.70,3.9,?,?
901,1518264721.0,41.2432559,-8.558728267,89.1,11.369,77.50,3.9,?,?
902,1518264722.0,41.243279717,-8.5585922,89.8,11.318,76.70,3.9,?,?
903,1518264723.0,41.2433037,-8.558455017,90.2,11.472,76.40,3.9,?,?
904,1518264724.0,41.243329117,-8.558318567,90.8,11.678,76.00,1.6,?,?
905,1518264725.0,41.243354333,-8.55817945,91.5,11.935,76.70,1.6,?,?
906,1518264726.0,41.243382683,-8.558038767,93.1,12.089,76.10,1.6,?,?
907,1518264727.0,41.24340935,-8.5578948,94.6,12.192,76.90,1.6,?,?
908,1518264728.0,41.243434583,-8.557753717,94.9,12.347,77.00,1.6,?,?
909,1518264729.0,41.24345685,-8.557612133,94.9,12.347,78.00,1.6,?,?
910,1518264730.0,41.2434794,-8.557472833,96.1,12.347,78.50,1.6,?,?
911,1518264731.0,41.243503683,-8.557328617,96.9,12.450,77.90,1.6,?,?
912,1518264732.0,41.243527967,-8.557180667,97.8,12.501,77.40,1.5,?,?
913,1518264733.0,41.243552883,-8.55702925,98.5,12.707,77.00,1.5,?,?
914,1518264734.0,41.24357835,-8.55687565,99.1,12.964,77.10,2.1,?,?
915,1518264735.0,41.2436056,-8.556722033,100.5,12.964,77.40,2.1,?,?
916,1518264736.0,41.243629917,-8.556572083,100.4,12.964,77.90,3.9,?,?
917,1518264737.0,41.24365135,-8.55642455,98.8,13.015,77.80,3.9,?,?
918,1518264738.0,41.243676983,-8.556274,98.1,12.964,76.30,2.1,?,?
919,1518264739.0,41.243703467,-8.556123167,97.2,13.067,75.70,2.1,?,?
920,1518264740.0,41.243729117,-8.555969283,96.4,13.118,76.50,2.1,?,?
921,1518264741.0,41.243753467,-8.555819,95.0,13.015,76.90,3.9,?,?
922,1518264742.0,41.243777633,-8.555669683,93.7,12.913,77.20,3.9,?,?
923,1518264743.0,41.243803383,-8.555521033,93.0,12.758,77.00,3.9,?,?
924,1518264744.0,41.243828017,-8.555373317,92.7,12.552,77.20,3.9,?,?
925,1518264745.0,41.2438521,-8.555225267,92.9,12.398,78.10,3.9,?,?
926,1518264746.0,41.243876,-8.555083083,93.3,11.935,77.90,3.9,?,?
927,1518264747.0,41.243896883,-8.554955867,93.5,10.546,78.20,3.9,?,?
928,1518264748.0,41.2439045,-8.554844783,93.5,9.106,86.40,2.1,?,?
929,1518264749.0,41.24389025,-8.554744067,93.2,8.385,104.80,2.1,?,?
930,1518264750.0,41.24385665,-8.554646917,94.7,8.848,122.80,2.1,?,?
931,1518264751.0,41.243811767,-8.554552517,94.7,9.414,125.60,2.1,?,?
932,1518264752.0,41.24378205,-8.554454667,94.5,9.569,110.40,1.5,?,?
933,1518264753.0,41.243781433,-8.554338317,95.0,10.340,87.90,1.5,?,?
934,1518264754.0,41.243806367,-8.55422585,94.3,10.803,70.70,1.6,?,?
935,1518264755.0,41.24386175,-8.554131633,93.6,10.855,52.20,1.6,?,?
936,1518264756.0,41.2439397,-8.554067017,93.1,10.700,33.10,1.6,?,?
937,1518264757.0,41.2440466,-8.55403655,99.0,10.855,13.20,3.0,?,?
938,1518264758.0,41.244149667,-8.55407985,98.2,11.935,348.20,1.6,?,?
939,1518264759.0,41.24422925,-8.554144233,97.3,12.038,329.20,1.6,?,?
940,1518264760.0,41.244295483,-8.55423645,96.6,11.987,312.50,1.7,3.9,4.3
941,1518264761.0,41.244354433,-8.55434565,97.0,11.781,302.30,3.4,4.0,5.3
942,1518264762.0,41.244396217,-8.554459567,96.4,11.009,293.90,3.4,4.0,5.3
943,1518264763.0,41.24441175,-8.554571783,95.3,9.826,283.30,3.4,4.0,5.3
944,1518264764.0,41.244401583,-8.554661167,95.1,7.768,268.90,3.4,4.0,5.3
945,1518264765.0,41.2443284,-8.55474045,96.3,7.665,239.90,3.4,4.0,5.3
946,1518264766.0,41.244246683,-8.554825467,97.0,9.363,228.50,3.4,4.0,5.3
947,1518264767.0,41.244194267,-8.554942367,96.9,11.781,239.90,18.4,7.3,19.8
948,1518264768.0,41.2441351,-8.555094067,97.0,14.970,247.70,18.4,7.3,19.8
949,1518264769.0,41.244079783,-8.555269917,97.3,16.925,251.10,1.4,?,?
950,1518264770.0,41.24405275,-8.555453383,97.4,16.822,257.30,1.1,?,?
951,1518264771.0,41.244006233,-8.555646083,98.3,17.028,257.40,1.1,?,?
952,1518264772.0,41.2439565,-8.55584675,99.4,17.440,257.50,1.1,?,?
953,1518264773.0,41.243908717,-8.556052833,100.1,17.903,257.70,1.7,3.9,4.3
954,1518264774.0,41.24386165,-8.556264033,100.8,18.160,257.40,1.7,3.9,4.3
955,1518264775.0,41.2438211,-8.5564733,101.4,17.954,256.10,1.7,3.9,4.3
956,1518264776.0,41.243779617,-8.556679933,101.7,17.851,255.80,1.7,3.9,4.3
957,1518264777.0,41.24373765,-8.5568847,101.8,17.697,255.50,3.4,4.0,5.3
958,1518264778.0,41.243695467,-8.557087733,101.8,17.543,255.10,1.7,3.9,4.3
959,1518264779.0,41.243653917,-8.557290867,101.2,17.594,255.10,1.1,?,?
960,1518264780.0,41.243600483,-8.557495,99.6,17.851,257.10,1.1,?,?
961,1518264781.0,41.243538317,-8.557704217,98.0,18.314,257.30,1.1,?,?
962,1518264782.0,41.243477617,-8.557918233,96.4,18.674,257.10,1.1,?,?
963,1518264783.0,41.2434268,-8.5581377,95.1,19.086,257.10,1.1,?,?
964,1518264784.0,41.24338155,-8.558362833,93.8,19.549,257.10,1.1,?,?
965,1518264785.0,41.243338217,-8.558592633,92.5,19.909,257.10,1.1,?,?
966,1518264786.0,41.243295283,-8.558827033,91.2,20.321,257.10,1.1,?,?
967,1518264787.0,41.243252033,-8.559066267,90.5,20.732,257.50,1.0,?,?
968,1518264788.0,41.24321035,-8.559311067,91.2,21.092,258.20,1.1,?,?
969,1518264789.0,41.243170283,-8.559550083,92.3,20.629,257.60,1.1,?,?
970,1518264790.0,41.243129267,-8.559785733,93.4,20.166,257.00,1.1,?,?
971,1518264791.0,41.243088117,-8.560019233,94.6,20.012,256.80,1.1,?,?
972,1518264792.0,41.243047967,-8.560250533,95.7,19.858,257.10,1.1,?,?
973,1518264793.0,41.243007933,-8.560478767,96.9,19.549,257.30,1.1,?,?
974,1518264794.0,41.242963867,-8.560701267,98.4,19.189,256.10,1.1,?,?
975,1518264795.0,41.2429243,-8.560913983,99.9,18.263,255.90,1.1,?,?
976,1518264796.0,41.242886967,-8.561122467,100.7,17.645,255.70,1.9,4.5,4.8
977,1518264797.0,41.242849317,-8.561318017,101.4,16.771,255.10,1.7,3.9,4.2
978,1518264798.0,41.2428141,-8.561499967,102.3,15.691,254.50,1.7,3.9,4.2
979,1518264799.0,41.24278115,-8.561667767,103.0,14.353,253.60,1.7,3.9,4.2
980,1518264800.0,41.242753883,-8.561816767,103.7,12.810,252.60,3.5,4.0,5.3
981,1518264801.0,41.2427396,-8.56194575,103.9,11.009,253.20,17.3,7.0,18.7
982,1518264802.0,41.2427443,-8.5620575,104.0,9.569,258.80,17.3,7.0,18.7
983,1518264803.0,41.242744117,-8.562177517,105.8,9.517,265.50,3.5,4.0,5.3
984,1518264804.0,41.242793467,-8.562287983,107.1,9.466,280.90,3.5,4.0,5.3
985,1518264805.0,41.2428345,-8.56239375,107.2,9.620,288.00,3.5,4.0,5.3
986,1518264806.0,41.242875917,-8.562500117,106.7,9.929,291.60,3.5,4.0,5.3
987,1518264807.0,41.242910017,-8.562606617,105.2,9.723,290.80,3.5,4.0,5.3
988,1518264808.0,41.242906983,-8.562710383,103.3,8.643,283.10,2.2,?,?
989,1518264809.0,41.242813817,-8.562812933,102.9,7.922,251.00,1.4,?,?
990,1518264810.0,41.242683483,-8.56288365,107.1,11.266,205.30,1.4,?,?
991,1518264811.0,41.24258285,-8.562900617,107.6,12.295,185.20,1.4,?,?
992,1518264812.0,41.242478417,-8.562889117,107.0,12.707,172.30,1.9,4.5,4.8
993,1518264813.0,41.242372583,-8.562853217,105.4,13.067,163.50,1.9,4.5,4.9
994,1518264814.0,41.242323283,-8.5627121,105.3,12.707,133.20,1.9,4.5,4.8
995,1518264815.0,41.242261433,-8.5626095,106.2,12.707,124.50,1.9,?,?
996,1518264816.0,41.242193,-8.5625046,105.5,12.038,130.90,1.9,?,?
997,1518264817.0,41.242100867,-8.562428067,105.9,11.781,146.80,1.8,?,?
998,1518264818.0,41.241986617,-8.562379983,106.9,12.964,162.20,4.5,17.3,17.9
999,1518264819.0,41.241856283,-8.56233875,107.3,14.507,168.50,4.5,17.3,17.9
1000,1518264820.0,41.241723417,-8.56229925,107.9,15.125,169.90,4.5,17.3,17.9
1001,1518264821.0,41.2415847,-8.562271183,107.0,15.125,173.30,4.5,17.3,17.9
1002,1518264822.0,41.24144795,-8.562257917,106.0,15.176,176.50,1.4,?,?
1003,1518264823.0,41.241318567,-8.562247733,108.1,14.970,178.40,1.4,?,?
1004,1518264824.0,41.241188983,-8.5622413,109.0,14.816,179.10,1.4,?,?
1005,1518264825.0,41.2410568,-8.562239533,110.3,14.919,179.70,1.4,?,?
1006,1518264826.0,41.2409287,-8.56223635,111.1,14.507,179.20,1.4,?,?
1007,1518264827.0,41.240807433,-8.562234083,111.8,13.736,179.40,1.4,?,?
1008,1518264828.0,41.240693433,-8.562228283,113.1,12.913,178.40,1.4,?,?
1009,1518264829.0,41.240579383,-8.5622263,114.2,12.913,178.60,1.4,?,?
1010,1518264830.0,41.240455367,-8.56224305,114.8,13.736,183.80,12.9,?,?
1011,1518264831.0,41.240331117,-8.5622841,117.2,14.250,191.20,1.4,?,?
1012,1518264832.0,41.2402017,-8.562343667,117.4,15.228,199.90,1.4,?,?
1013,1518264833.0,41.240081083,-8.562421717,117.0,15.536,207.80,1.4,?,?
1014,1518264834.0,41.239966917,-8.562523483,117.4,15.485,215.80,1.4,?,?
1015,1518264835.0,41.239863483,-8.56263595,118.3,15.433,222.40,1.4,?,?
1016,1518264836.0,41.239775117,-8.562788533,115.2,16.308,230.50,1.4,?,?
1017,1518264837.0,41.239691233,-8.562939233,113.2,17.080,234.90,7.8,?,?
1018,1518264838.0,41.239602867,-8.563108983,112.0,18.211,237.20,7.8,?,?
1019,1518264839.0,41.23952135,-8.563295767,109.8,18.829,240.30,7.8,?,?
1020,1518264840.0,41.239445517,-8.563492267,107.4,19.240,243.20,7.8,?,?
1021,1518264841.0,41.239375633,-8.56369915,105.2,19.652,245.90,7.8,?,?
1022,1518264842.0,41.239315767,-8.563920267,101.8,20.732,249.30,7.8,?,?
1023,1518264843.0,41.23926045,-8.564153733,99.2,21.247,251.80,7.8,?,?
1024,1518264844.0,41.2391885,-8.564422917,101.0,21.864,252.50,10.5,?,?
1025,1518264845.0,41.239122133,-8.564669033,98.5,21.812,251.70,10.5,?,?
1026,1518264846.0,41.239075617,-8.564889183,96.6,20.886,251.80,7.8,?,?
1027,1518264847.0,41.239024517,-8.565113467,94.5,20.269,250.50,7.8,?,?
1028,1518264848.0,41.23897175,-8.565316333,92.4,19.652,248.60,7.8,?,?
1029,1518264849.0,41.23891805,-8.565492067,90.5,18.160,246.20,7.8,?,?
1030,1518264850.0,41.2388897,-8.565527817,88.2,12.913,238.10,10.4,19.2,21.8
1031,1518264855.0,41.238848217,-8.565592967,82.2,?,?,10.4,19.2,21.8
1032,1518264856.0,41.238803267,-8.565674533,76.6,1.389,79.20,28.4,?,?
1033,1518264863.0,41.238807917,-8.5656633,76.3,?,?,28.3,?,?
1034,1518264864.0,41.238806133,-8.565680633,73.8,1.338,197.30,1.8,4.5,4.9
1035,1518264865.0,41.23879225,-8.565659333,74.8,2.315,148.50,1.8,4.5,4.9
1036,1518264866.0,41.238795083,-8.565629767,82.8,2.521,114.60,1.8,?,?
1037,1518264867.0,41.2387946,-8.565616233,84.4,1.852,100.60,1.4,?,?
1038,1518264868.0,41.2388049,-8.56559745,87.8,1.492,80.00,7.7,?,?
1039,1518264869.0,41.238821967,-8.565575733,91.0,1.646,51.30,2.2,?,?
1040,1518264870.0,41.23884695,-8.565552817,93.5,2.315,32.60,7.7,?,?
1041,1518264871.0,41.2388696,-8.5655243,94.0,2.829,39.10,7.7,?,?
1042,1518264872.0,41.2388937,-8.565478967,93.6,3.550,50.70,1.4,?,?
1043,1518264873.0,41.2389912,-8.565271517,89.2,10.958,56.90,1.4,?,?
1044,1518264874.0,41.2390577,-8.565148967,89.6,12.913,56.70,1.8,4.5,4.9
1045,1518264875.0,41.239122467,-8.5650185,90.2,13.427,57.30,8.2,?,?
1046,1518264876.0,41.239178833,-8.564864767,90.6,14.610,61.40,8.2,?,?
1047,1518264877.0,41.239221467,-8.56467155,91.1,16.617,68.00,3.0,?,?
1048,1518264882.0,41.239272733,-8.564470467,91.5,?,?,3.9,?,?
1049,1518264883.0,41.239539183,-8.563303133,90.2,22.687,71.90,4.8,1.0,4.9
1050,1518264884.0,41.239590117,-8.562987233,87.8,23.613,72.00,4.6,1.0,4.8
1051,1518264885.0,41.239703383,-8.56279975,89.0,21.092,59.60,4.6,1.0,4.8
1052,1518264886.0,41.239811867,-8.56260725,88.7,20.115,53.10,4.6,1.0,4.8
1053,1518264887.0,41.239934217,-8.562441933,88.3,18.983,45.70,4.7,1.0,4.8
1054,1518264888.0,41.240068117,-8.56230215,87.5,18.417,38.40,4.7,1.0,4.8
1055,1518264889.0,41.24025135,-8.562241867,89.4,18.777,23.70,1.8,3.9,4.2
1056,1518264890.0,41.24043385,-8.56220315,89.6,20.166,9.30,1.6,?,?
1057,1518264891.0,41.24061675,-8.5621964,88.7,20.835,0.10,3.8,?,?
1058,1518264892.0,41.240808883,-8.562189817,88.0,21.710,357.00,4.0,?,?
1059,1518264893.0,41.241007167,-8.56219185,87.2,22.275,357.00,4.0,?,?
1060,1518264894.0,41.241213183,-8.562203217,86.2,22.790,356.50,4.4,?,?
1061,1518264895.0,41.24141565,-8.562215917,85.0,22.944,356.70,4.7,?,?
1062,1518264896.0,41.2416171,-8.562243367,84.0,22.738,354.20,4.7,?,?
1063,1518264897.0,41.241806667,-8.56227865,83.5,21.967,350.40,2.8,?,?
1064,1518264898.0,41.24197155,-8.562331267,86.0,19.137,345.60,2.8,?,?
1065,1518264899.0,41.242111217,-8.562385917,85.7,15.948,344.70,4.3,?,?
1066,1518264900.0,41.2422301,-8.562409467,88.7,12.810,352.40,2.8,?,?
1067,1518264901.0,41.24234255,-8.562396583,90.7,12.038,8.50,2.8,?,?
1068,1518264902.0,41.242464767,-8.562330883,92.2,13.941,26.50,2.8,?,?
1069,1518264903.0,41.24258955,-8.562229433,98.5,15.536,37.90,2.8,?,?
1070,1518264904.0,41.24268155,-8.562091317,102.0,16.154,51.90,1.7,?,?
1071,1518264905.0,41.24274915,-8.561911017,103.7,17.543,67.20,2.8,?,?
1072,1518264906.0,41.242791667,-8.561693533,104.1,19.909,75.80,4.4,?,?
1073,1518264907.0,41.242832767,-8.561450167,104.1,21.812,78.90,2.8,?,?
1074,1518264908.0,41.24287825,-8.5611978,105.0,22.687,79.60,2.8,?,?
1075,1518264909.0,41.242927167,-8.56093245,106.0,23.716,79.10,2.8,?,?
1076,1518264910.0,41.242980367,-8.56065685,106.6,24.539,77.60,2.8,?,?
1077,1518264911.0,41.2430315,-8.560377117,106.8,24.590,77.40,2.8,?,?
1078,1518264912.0,41.243080767,-8.5600932,106.2,24.539,77.00,2.8,?,?
1079,1518264913.0,41.243127733,-8.559807533,105.3,24.488,77.10,2.8,?,?
1080,1518264914.0,41.243175433,-8.5595218,104.3,24.488,76.80,2.8,?,?
1081,1518264915.0,41.243223733,-8.559235267,103.1,24.642,76.60,2.8,?,?
1082,1518264916.0,41.24326875,-8.558943717,102.5,25.105,77.50,2.8,?,?
1083,1518264917.0,41.243311233,-8.55866645,103.3,24.025,78.40,2.8,?,?
1084,1518264918.0,41.243357733,-8.558401533,105.1,22.790,76.90,1.5,?,?
1085,1518264919.0,41.243401067,-8.558136633,106.5,22.378,76.60,1.5,?,?
1086,1518264920.0,41.243442883,-8.557875017,107.6,22.173,77.00,1.5,?,?
1087,1518264921.0,41.243484,-8.557619867,108.5,22.018,77.30,1.5,?,?
1088,1518264922.0,41.243525467,-8.5573656,109.5,21.864,77.10,1.5,?,?
1089,1518264923.0,41.243568633,-8.557113317,110.7,21.504,76.30,1.5,?,?
1090,1518264924.0,41.243610533,-8.5568585,110.7,21.658,76.30,1.5,?,?
1091,1518264925.0,41.243652,-8.556602233,109.9,22.070,77.00,3.7,?,?
1092,1518264926.0,41.243691817,-8.5563478,108.4,21.915,77.40,3.7,?,?
1093,1518264927.0,41.243729817,-8.556095433,105.4,21.710,77.50,3.7,?,?
1094,1518264928.0,41.243770283,-8.555846367,102.9,21.504,77.00,3.7,?,?
1095,1518264929.0,41.243811483,-8.5556094,100.8,20.372,76.80,3.7,?,?
1096,1518264930.0,41.243850567,-8.555387133,99.3,18.880,76.80,3.7,?,?
1097,1518264931.0,41.243886567,-8.5551856,98.9,16.874,76.80,3.7,?,?
1098,1518264932.0,41.243914883,-8.55501245,99.1,14.044,78.70,3.7,?,?
1099,1518264933.0,41.243923483,-8.554867767,98.6,11.318,87.30,4.3,?,?
1100,1518264934.0,41.2439051,-8.554741133,97.7,9.826,103.70,4.3,?,?
1101,1518264935.0,41.243861933,-8.554629367,96.8,9.826,120.80,4.3,?,?
1102,1518264936.0,41.243812933,-8.554520867,95.7,10.237,123.30,4.3,?,?
1103,1518264937.0,41.2437889,-8.5543957,95.1,11.061,102.00,4.3,?,?
1104,1518264938.0,41.24380245,-8.5542591,93.8,12.347,77.50,4.3,?,?
1105,1518264939.0,41.243861133,-8.554148717,91.5,12.964,53.60,4.2,?,?
1106,1518264940.0,41.24395425,-8.554061817,90.9,13.273,33.20,4.2,?,?
1107,1518264941.0,41.2440575,-8.554026483,89.7,12.347,12.80,4.2,?,?
1108,1518264942.0,41.24416225,-8.554069617,88.1,12.192,344.20,4.2,?,?
1109,1518264943.0,41.244262,-8.5542295,90.2,14.507,312.10,3.7,?,?
1110,1518264944.0,41.24431175,-8.5543748,88.5,14.456,294.10,5.0,?,?
1111,1518264945.0,41.24433325,-8.554527383,90.9,13.941,276.00,1.6,?,?
1112,1518264946.0,41.244348983,-8.5546545,102.7,12.810,262.80,21.2,7.0,22.3
1113,1518264947.0,41.2443227,-8.554772167,100.9,11.575,251.20,17.1,1.0,17.1
1114,1518264948.0,41.2442683,-8.554883117,100.4,11.421,239.10,21.1,7.0,22.2
1115,1518264949.0,41.244205867,-8.555045367,101.4,14.302,241.20,17.0,1.0,17.0
1116,1518264950.0,41.244149783,-8.55523715,105.3,18.983,250.20,17.0,1.0,17.0
1117,1518264951.0,41.2440773,-8.5554675,106.6,22.430,253.70,17.0,1.0,17.0
1118,1518264952.0,41.243995033,-8.5557272,108.4,24.230,254.50,9.4,?,?
1119,1518264953.0,41.2439493,-8.555996383,110.5,24.333,256.80,9.4,?,?
1120,1518264954.0,41.243878067,-8.55627915,112.3,25.053,257.10,7.4,?,?
1121,1518264955.0,41.2438131,-8.556572317,113.0,25.774,256.80,7.4,?,?
1122,1518264956.0,41.24374785,-8.556876617,112.8,26.700,256.60,7.3,?,?
1123,1518264957.0,41.243686467,-8.557177767,112.2,26.597,256.90,7.3,?,?
1124,1518264958.0,41.243625267,-8.5574787,110.6,26.288,256.80,7.3,?,?
1125,1518264959.0,41.243567567,-8.5577798,108.5,26.442,257.20,9.3,?,?
1126,1518264960.0,41.2435153,-8.558083683,106.6,26.494,257.20,9.3,?,?
1127,1518264961.0,41.243463083,-8.558378433,103.1,26.442,257.00,1.9,?,?
1128,1518264962.0,41.243409567,-8.5586841,101.0,26.597,257.20,1.4,?,?
1129,1518264963.0,41.243356717,-8.558991283,99.2,26.700,257.50,1.1,?,?
1130,1518264964.0,41.243297617,-8.559299983,99.3,26.905,257.90,7.3,?,?
1131,1518264965.0,41.24323305,-8.55960055,99.7,26.340,257.40,7.3,?,?
1132,1518264966.0,41.243176183,-8.559902533,100.8,26.134,256.90,7.3,?,?
1133,1518264967.0,41.243116083,-8.560202383,101.8,26.082,256.50,7.3,?,?
1134,1518264968.0,41.2430534,-8.56050035,102.8,26.082,255.60,7.3,?,?
1135,1518264969.0,41.242982317,-8.5607951,104.0,25.979,254.40,7.3,?,?
1136,1518264970.0,41.242910617,-8.561078217,104.6,25.208,253.10,7.3,?,?
1137,1518264971.0,41.242849267,-8.5613324,104.8,22.893,251.40,7.3,?,?
1138,1518264972.0,41.242786733,-8.561555467,104.4,20.372,248.70,7.3,?,?
1139,1518264973.0,41.242728783,-8.561744033,103.3,17.543,245.40,9.2,?,?
1140,1518264974.0,41.242679683,-8.56189465,101.3,14.456,242.50,16.4,1.0,16.4
1141,1518264975.0,41.24267,-8.562026067,100.1,11.729,249.70,16.3,1.0,16.4
1142,1518264976.0,41.242687583,-8.562152633,99.8,10.495,264.40,16.3,1.0,16.3
1143,1518264977.0,41.2427229,-8.562271883,99.9,10.083,278.80,16.3,1.0,16.3
1144,1518264978.0,41.242782167,-8.56239435,99.5,10.752,290.70,16.3,1.0,16.3
1145,1518264979.0,41.242854533,-8.5625269,98.8,11.369,293.00,9.2,?,?
1146,1518264980.0,41.242827133,-8.562667767,99.4,11.009,258.70,9.1,?,?
1147,1518264981.0,41.2427886,-8.56278655,97.7,10.958,242.30,9.1,?,?
1148,1518264982.0,41.2426933,-8.5628589,97.2,12.604,209.50,9.1,?,?
1149,1518264983.0,41.242578783,-8.562877567,96.7,14.559,187.70,7.2,?,?
1150,1518264984.0,41.24246235,-8.562860383,94.7,15.330,173.90,7.2,?,?
1151,1518264985.0,41.242387617,-8.5627368,94.9,14.147,148.80,7.2,?,?
1152,1518264986.0,41.242311117,-8.5626262,94.0,13.993,135.30,7.2,?,?
1153,1518264987.0,41.242239333,-8.56250255,96.7,14.456,126.40,1.3,?,?
1154,1518264988.0,41.242127283,-8.562404983,100.2,15.588,135.50,1.3,?,?
1155,1518264989.0,41.241976867,-8.56236405,99.0,17.131,161.60,1.4,?,?
1156,1518264990.0,41.241815117,-8.56231445,100.8,18.983,169.10,1.4,?,?
1157,1518264991.0,41.241633467,-8.562271917,102.7,20.732,173.10,1.5,?,?
1158,1518264992.0,41.2414512,-8.56225105,104.3,20.681,177.40,1.3,?,?
1159,1518264993.0,41.241262783,-8.562247333,106.3,21.298,180.30,1.3,?,?
1160,1518264994.0,41.241072817,-8.562247033,109.1,21.401,180.80,1.5,?,?
1161,1518264995.0,41.240894417,-8.562248283,111.1,20.218,181.10,2.1,?,?
1162,1518264996.0,41.240726383,-8.56224875,112.2,19.086,181.30,2.1,?,?
1163,1518264997.0,41.240567917,-8.56225685,113.3,17.748,183.20,2.5,?,?
1164,1518264998.0,41.240416167,-8.562277017,114.1,16.822,187.10,2.5,?,?
1165,1518264999.0,41.24026315,-8.562324533,113.7,16.668,195.80,2.5,?,?
1166,1518265000.0,41.240133,-8.56239615,113.6,15.948,204.90,9.0,17.5,19.7
1167,1518265001.0,41.240010383,-8.56249495,113.0,15.948,215.30,9.0,17.5,19.7
1168,1518265002.0,41.239900183,-8.562623517,111.2,16.514,225.60,9.0,17.5,19.7
1169,1518265003.0,41.23980865,-8.562765017,108.9,16.719,232.50,9.0,17.5,19.7
1170,1518265004.0,41.239719233,-8.562929667,106.1,17.337,236.60,9.0,17.5,19.7
1171,1518265005.0,41.239625267,-8.563114383,103.8,18.469,238.70,9.0,17.5,19.7
1172,1518265006.0,41.239550617,-8.563301117,102.9,18.726,242.20,9.0,17.5,19.6
1173,1518265007.0,41.2394838,-8.563487833,101.8,18.726,244.40,3.5,1.0,3.6
1174,1518265008.0,41.239414633,-8.5637336,101.4,20.321,248.10,3.5,1.0,3.6
1175,1518265012.0,41.239361967,-8.563953167,100.6,?,?,3.5,1.0,3.6
1176,1518265013.0,41.239191783,-8.564870017,101.7,20.372,256.20,25.7,1.0,25.7
1177,1518265014.0,41.239172767,-8.564981883,99.7,17.285,253.60,3.5,1.0,3.6
1178,1518265015.0,41.23912985,-8.565165433,98.7,16.617,251.80,8.9,17.4,19.5
1179,1518265016.0,41.239088167,-8.5652698,98.0,14.147,246.30,8.9,17.4,19.5
1180,1518265017.0,41.2390732,-8.565356483,98.7,10.032,243.90,8.9,17.4,19.5
1181,1518265018.0,41.23898935,-8.56554095,95.9,6.379,250.40,7.1,?,?
1182,1518265019.0,41.238977883,-8.565595733,92.8,2.932,254.40,7.1,?,?
1183,1518265020.0,41.238972217,-8.565619617,90.7,1.286,230.30,7.1,?,?
1184,1518265021.0,41.23895395,-8.5656546,89.1,1.955,228.70,7.1,?,?
1185,1518265022.0,41.238917317,-8.565685533,87.9,2.829,212.00,7.1,?,?
1186,1518265023.0,41.2389116,-8.565632517,88.0,2.881,135.50,8.8,?,?
1187,1518265024.0,41.238905317,-8.5655958,86.9,3.035,105.90,8.8,?,?
1188,1518265025.0,41.238928383,-8.5655072,81.5,3.292,80.40,3.8,?,?
1189,1518265026.0,41.238941817,-8.565494983,79.8,1.595,26.90,3.8,?,?
1190,1518265027.0,41.238946283,-8.565520283,80.8,1.698,316.60,3.8,?,?
1191,1518265028.0,41.238956833,-8.5655302,82.0,1.440,350.20,25.7,?,?
1192,1518265029.0,41.238971633,-8.565486317,83.9,5.196,59.10,9.5,?,?
1193,1518265030.0,41.239001017,-8.565413667,86.3,9.311,59.30,2.4,?,?
1194,1518265031.0,41.239039917,-8.565316417,88.3,11.575,59.80,2.4,?,?
1195,1518265032.0,41.2390933,-8.56518495,88.5,13.787,61.60,2.4,?,?
1196,1518265033.0,41.239136467,-8.565023817,88.3,15.279,65.80,2.5,?,?
1197,1518265034.0,41.239166317,-8.564857067,90.5,16.359,68.10,2.4,?,?
1198,1518265035.0,41.239219717,-8.564668067,89.8,17.645,68.80,1.7,?,?
1199,1518265036.0,41.239269983,-8.564471667,89.7,18.314,69.90,1.7,?,?
1200,1518265037.0,41.239325867,-8.5642512,92.0,19.446,71.30,3.8,?,?
1201,1518265039.0,41.239380333,-8.563997817,92.6,?,?,3.8,?,?
1202,1518265042.0,41.239503433,-8.56344595,93.7,?,?,3.8,?,?
1203,1518265043.0,41.2395954,-8.562895783,87.6,19.960,72.90,3.7,1.0,3.9
1204,1518265044.0,41.239645067,-8.562726,85.8,20.938,70.30,5.0,1.0,5.1
1205,1518265045.0,41.239742417,-8.56252905,85.6,20.578,59.50,5.0,1.0,5.1
1206,1518265046.0,41.2398954,-8.562399867,89.2,19.343,42.10,5.0,1.0,5.1
1207,1518265047.0,41.240040167,-8.562278367,90.2,18.880,32.20,4.3,14.2,14.8
1208,1518265048.0,41.240204083,-8.562202467,90.6,18.829,22.10,1.7,3.8,4.2
1209,1518265049.0,41.2403742,-8.56214855,91.0,19.137,14.10,1.7,3.8,4.2
1210,1518265050.0,41.240556183,-8.562182133,91.2,19.137,0.40,1.6,?,?
1211,1518265051.0,41.240741317,-8.562203233,91.2,19.806,355.60,4.0,4.2,5.8
1212,1518265052.0,41.240937733,-8.562218,92.2,20.423,355.50,1.7,3.8,4.2
1213,1518265053.0,41.241135617,-8.562229517,95.7,20.526,356.90,4.0,4.2,5.8
1214,1518265054.0,41.241327833,-8.562241167,96.2,20.732,357.00,19.6,1.0,19.7
1215,1518265055.0,41.241498617,-8.562263,96.7,20.475,354.60,2.9,?,?
1216,1518265056.0,41.241670217,-8.56230025,96.5,20.063,350.90,2.9,?,?
1217,1518265057.0,41.24179845,-8.562354067,97.6,17.337,345.30,2.8,?,?
1218,1518265058.0,41.24195975,-8.562394267,97.4,15.176,343.30,2.8,?,?
1219,1518265059.0,41.24209955,-8.562421167,97.1,12.501,346.60,2.8,?,?
1220,1518265060.0,41.2421952,-8.562422883,98.9,10.083,2.70,2.8,?,?
1221,1518265061.0,41.242288667,-8.562387067,102.3,9.466,23.60,4.0,4.2,5.8
1222,1518265062.0,41.2423683,-8.5623175,105.0,10.186,41.70,2.7,?,?
1223,1518265063.0,41.242547967,-8.562190283,106.8,14.919,43.80,2.0,?,?
1224,1518265064.0,41.242656283,-8.56204595,109.0,15.793,54.10,1.6,?,?
1225,1518265065.0,41.242738417,-8.561859267,111.8,17.131,68.60,5.3,?,?
1226,1518265066.0,41.242787583,-8.561629117,112.1,19.858,77.50,3.3,?,?
1227,1518265067.0,41.242832367,-8.5613663,110.7,22.841,78.40,3.3,?,?
1228,1518265068.0,41.2428811,-8.561099067,110.7,23.304,78.80,3.3,?,?
1229,1518265069.0,41.2429311,-8.5608236,110.1,23.407,78.40,3.3,?,?
1230,1518265070.0,41.242980433,-8.560552533,109.0,23.562,77.00,3.3,?,?
1231,1518265071.0,41.2430314,-8.560279133,109.2,23.870,76.10,3.3,?,?
1232,1518265072.0,41.243079467,-8.559996767,108.4,24.333,76.30,3.3,?,?
1233,1518265073.0,41.24312885,-8.5597097,107.2,24.796,76.50,3.3,?,?
1234,1518265074.0,41.243177517,-8.559421233,105.6,24.899,76.70,3.3,?,?
1235,1518265075.0,41.243224583,-8.559130233,103.8,25.105,77.10,3.3,?,?
1236,1518265076.0,41.2432706,-8.55884255,103.7,24.796,77.70,1.5,?,?
1237,1518265077.0,41.243316217,-8.5585665,104.3,23.613,77.00,1.5,?,?
1238,1518265078.0,41.24335465,-8.55829075,102.4,23.253,76.80,1.5,?,?
1239,1518265079.0,41.243397433,-8.55802055,102.2,23.099,76.80,1.5,?,?
1240,1518265080.0,41.24344125,-8.557752217,102.3,23.047,77.00,1.5,?,?
1241,1518265081.0,41.243486133,-8.55748615,102.9,22.944,77.00,1.5,?,?
1242,1518265082.0,41.2435328,-8.5572205,104.8,22.841,77.20,1.5,?,?
1243,1518265083.0,41.243578317,-8.556959067,105.5,22.275,77.00,1.5,?,?
1244,1518265084.0,41.24362235,-8.556704017,105.7,21.864,77.20,1.5,?,?
1245,1518265085.0,41.243666483,-8.556445933,105.8,22.173,77.10,1.5,?,?
1246,1518265086.0,41.243711517,-8.556183733,105.1,22.584,76.70,1.5,?,?
1247,1518265087.0,41.2437575,-8.55592055,103.8,22.687,76.70,3.2,?,?
1248,1518265088.0,41.243803133,-8.555663517,102.6,22.070,76.80,1.5,?,?
1249,1518265089.0,41.24384595,-8.5554228,101.6,20.526,77.00,1.5,?,?
1250,1518265090.0,41.2438849,-8.555203533,101.3,18.417,77.20,1.5,?,?
1251,1518265091.0,41.243919067,-8.55502495,101.9,14.816,77.30,1.5,?,?
1252,1518265092.0,41.24393355,-8.554874067,101.8,12.141,85.90,1.5,?,?
1253,1518265093.0,41.243914683,-8.554724283,102.4,11.884,102.80,3.2,?,?
1254,1518265094.0,41.243872617,-8.554588383,102.9,12.089,116.80,3.7,?,?
1255,1518265095.0,41.24380445,-8.554447883,101.8,13.376,125.30,5.5,?,?
1256,1518265096.0,41.2437174,-8.554318667,101.9,13.993,135.00,5.5,?,?
1257,1518265097.0,41.2435955,-8.554216917,101.6,15.176,150.00,5.5,?,?
1258,1518265098.0,41.243423433,-8.55414265,99.8,18.006,164.10,5.3,?,?
1259,1518265099.0,41.24325815,-8.554089233,98.7,19.086,168.60,5.3,?,?
1260,1518265100.0,41.243111883,-8.554053017,98.1,18.160,169.20,1.4,?,?
1261,1518265101.0,41.243003867,-8.554038667,100.2,14.044,170.80,1.4,?,?
1262,1518265102.0,41.2428973,-8.554013717,99.7,11.266,171.00,1.4,?,?
1263,1518265103.0,41.24282055,-8.553988417,100.5,8.231,167.10,1.4,?,?
1264,1518265104.0,41.2427564,-8.553951733,100.8,6.945,156.30,1.9,1.0,2.1
1265,1518265105.0,41.242743367,-8.55384305,102.5,7.922,105.40,1.9,1.0,2.1
1266,1518265106.0,41.242733267,-8.553755783,103.4,8.643,89.50,3.8,12.7,13.3
1267,1518265107.0,41.242726867,-8.553638917,103.8,10.083,84.80,3.8,12.7,13.3
1268,1518265108.0,41.242726367,-8.553518017,104.3,11.421,82.80,3.8,12.7,13.3
1269,1518265109.0,41.242729167,-8.5533711,104.3,12.810,85.10,3.4,1.0,3.5
1270,1518265110.0,41.24273215,-8.553212433,105.6,13.941,87.40,1.6,?,?
1271,1518265111.0,41.24271815,-8.55305035,106.1,14.353,93.50,1.6,?,?
1272,1518265112.0,41.242694933,-8.552891483,107.0,13.736,100.40,1.6,?,?
1273,1518265113.0,41.24266215,-8.55274435,107.0,12.398,106.10,3.9,?,?
1274,1518265114.0,41.242627817,-8.552610233,106.9,10.700,104.40,2.8,?,?
1275,1518265115.0,41.242610633,-8.552494233,107.2,9.003,104.00,1.7,?,?
1276,1518265116.0,41.242592733,-8.5524041,107.6,6.945,104.90,1.7,?,?
1277,1518265117.0,41.242579783,-8.552339967,106.6,4.681,107.20,1.9,?,?
1278,1518265118.0,41.242568717,-8.5523061,105.1,2.161,120.80,1.9,?,?
1279,1518265119.0,41.242563767,-8.55229605,103.6,0.360,165.40,1.9,?,?
1280,1518265120.0,41.2425577,-8.55229015,102.2,0.360,120.50,1.9,?,?
1281,1518265121.0,41.242549033,-8.55226835,101.9,1.801,109.10,1.9,?,?
1282,1518265122.0,41.242543533,-8.5522377,104.1,2.366,115.50,1.2,?,?
1283,1518265123.0,41.24253635,-8.5522136,105.1,2.212,121.90,1.1,?,?
1284,1518265124.0,41.242531383,-8.552196517,105.9,1.801,120.60,1.1,?,?
1285,1518265125.0,41.24252085,-8.552167433,106.7,2.932,118.10,1.1,?,?
1286,1518265126.0,41.242526467,-8.552142,114.3,4.733,124.40,1.1,?,?
1287,1518265127.0,41.242497733,-8.5520867,115.8,5.607,128.10,1.5,?,?
1288,1518265128.0,41.242463,-8.552027217,116.6,6.431,128.80,1.8,?,?
1289,1518265129.0,41.24242715,-8.551961217,117.2,7.048,128.50,2.8,?,?
1290,1518265130.0,41.242386967,-8.551892333,118.0,7.511,128.20,2.8,?,?
1291,1518265131.0,41.242340083,-8.551810583,118.9,8.540,127.50,2.8,?,?
1292,1518265132.0,41.242287267,-8.55171365,120.0,9.929,126.00,2.8,?,?
1293,1518265133.0,41.2422362,-8.55160255,120.3,11.163,119.90,2.8,?,?
1294,1518265134.0,41.242190833,-8.55147225,121.2,12.347,113.70,2.8,?,?
1295,1518265135.0,41.242149483,-8.551328167,122.4,13.273,109.80,2.8,?,?
1296,1518265136.0,41.242098483,-8.55117365,123.7,14.404,111.10,2.8,?,?
1297,1518265137.0,41.24204665,-8.5509863,127.9,15.073,109.30,1.7,?,?
1298,1518265138.0,41.242006233,-8.550797817,130.7,15.485,105.10,1.7,?,?
1299,1518265139.0,41.2419916,-8.550597,132.8,15.948,98.30,1.7,?,?
1300,1518265140.0,41.2419891,-8.5503857,134.3,16.565,93.90,1.7,?,?
1301,1518265141.0,41.2419657,-8.550192133,136.4,16.617,98.60,1.7,?,?
1302,1518265142.0,41.241939167,-8.550003583,138.5,16.154,102.20,1.7,?,?
1303,1518265143.0,41.241900633,-8.549805017,139.4,17.080,104.10,1.7,?,?
1304,1518265144.0,41.241861283,-8.549591333,140.3,18.520,103.50,1.7,?,?
1305,1518265145.0,41.2418225,-8.549367033,139.8,19.137,102.10,1.6,?,?
1306,1518265146.0,41.24178705,-8.549151233,139.1,18.314,101.20,1.6,?,?
1307,1518265147.0,41.241753283,-8.548947983,138.4,17.182,101.80,3.4,?,?
1308,1518265148.0,41.241721067,-8.548757717,138.2,15.948,102.60,1.8,?,?
1309,1518265149.0,41.24168975,-8.548586283,138.3,14.250,104.00,1.5,?,?
1310,1518265150.0,41.241656133,-8.5484321,138.2,12.810,107.10,1.5,?,?
1311,1518265151.0,41.241620417,-8.548299383,137.4,11.369,110.00,1.5,?,?
1312,1518265152.0,41.2415921,-8.5481876,137.4,9.466,110.60,1.5,?,?
1313,1518265153.0,41.241573067,-8.5481053,137.1,6.996,108.40,1.8,?,?
1314,1518265154.0,41.2415687,-8.548047083,139.7,4.527,105.30,1.5,?,?
1315,1518265155.0,41.241559,-8.5480201,138.8,1.955,118.90,1.5,?,?
1316,1518265156.0,41.2415456,-8.5480002,137.4,1.543,130.10,1.5,?,?
1317,1518265157.0,41.241520967,-8.547978633,136.0,3.035,155.10,1.5,?,?
1318,1518265158.0,41.241483167,-8.54796795,135.7,4.579,173.40,1.6,?,?
1319,1518265159.0,41.2414384,-8.54796325,136.1,5.453,179.60,1.6,?,?
1320,1518265160.0,41.2413849,-8.54796225,136.3,6.482,183.00,1.6,?,?
1321,1518265161.0,41.2413113,-8.54795825,134.9,8.334,179.60,1.5,?,?
1322,1518265162.0,41.241230033,-8.547962083,135.1,9.414,184.00,1.6,3.7,4.0
1323,1518265163.0,41.241137683,-8.547968017,135.2,10.649,184.30,1.7,3.7,4.1
1324,1518265164.0,41.24102125,-8.547998433,135.4,12.707,190.00,1.7,3.7,4.1
1325,1518265165.0,41.240896117,-8.5480356,135.3,14.404,191.00,1.7,3.7,4.1
1326,1518265166.0,41.2407635,-8.548059183,135.0,15.588,188.20,1.6,3.7,4.0
1327,1518265167.0,41.240615117,-8.548071033,134.5,17.285,183.30,1.6,3.7,4.0
1328,1518265168.0,41.240456267,-8.548051967,133.7,18.829,176.90,1.6,?,?
1329,1518265169.0,41.240294517,-8.547996817,133.1,19.806,168.70,6.1,?,?
1330,1518265170.0,41.240106017,-8.5479476,131.7,21.710,167.50,3.4,?,?
1331,1518265171.0,41.23990495,-8.54789905,130.4,23.150,168.50,3.4,?,?
1332,1518265172.0,41.2396965,-8.547849683,128.4,23.819,169.50,2.0,?,?
1333,1518265173.0,41.239469067,-8.54781345,125.0,24.539,170.10,2.0,?,?
1334,1518265174.0,41.23924485,-8.547768317,123.9,25.208,170.40,3.4,?,?
1335,1518265175.0,41.239011667,-8.5477268,121.5,25.568,170.50,3.4,?,?
1336,1518265176.0,41.238772267,-8.547678933,117.9,26.391,170.30,3.4,?,?
1337,1518265177.0,41.238534583,-8.54762925,114.7,26.545,170.70,3.4,?,?
1338,1518265178.0,41.23829865,-8.54757935,111.8,26.597,170.90,3.4,?,?
1339,1518265179.0,41.238066517,-8.547527433,110.7,26.237,170.90,2.8,?,?
1340,1518265180.0,41.2378491,-8.547476117,111.7,24.951,170.90,2.0,?,?
1341,1518265181.0,41.237648217,-8.547427517,112.5,23.099,170.80,2.0,?,?
1342,1518265182.0,41.237461083,-8.54738525,111.6,21.144,170.90,2.0,?,?
1343,1518265183.0,41.23729,-8.547344833,110.1,19.189,170.50,2.0,?,?
1344,1518265184.0,41.237140067,-8.547303583,109.2,16.977,169.20,2.0,?,?
1345,1518265185.0,41.23700945,-8.547254183,109.8,15.125,165.60,1.3,?,?
1346,1518265186.0,41.23692185,-8.5471468,117.6,13.427,148.10,1.3,?,?
1347,1518265187.0,41.236830217,-8.547017,117.3,14.507,129.30,1.3,?,?
1348,1518265188.0,41.2367666,-8.5468516,118.1,16.411,114.70,1.4,?,?
1349,1518265189.0,41.236712933,-8.546642817,120.4,19.240,104.20,1.2,?,?
1350,1518265190.0,41.236655417,-8.546399117,120.6,21.761,103.20,1.1,?,?
1351,1518265191.0,41.236604483,-8.546138667,119.8,23.356,103.70,2.9,?,?
1352,1518265192.0,41.236550733,-8.545873533,119.5,23.819,105.00,2.9,?,?
1353,1518265193.0,41.2364927,-8.54561155,119.1,23.562,106.30,2.9,?,?
1354,1518265194.0,41.236433883,-8.545345067,119.1,23.562,106.60,2.9,?,?
1355,1518265195.0,41.23638025,-8.545105017,118.7,21.761,106.80,2.9,?,?
1356,1518265196.0,41.236326767,-8.5448837,118.5,19.909,107.30,2.9,?,?
1357,1518265197.0,41.236279,-8.544683767,118.0,17.645,108.00,2.9,?,?
1358,1518265198.0,41.236234767,-8.544507633,117.6,15.433,108.90,2.9,?,?
1359,1518265199.0,41.236186333,-8.544356533,118.1,13.376,113.80,3.6,?,?
1360,1518265200.0,41.236146633,-8.544254383,116.7,10.083,120.30,3.6,?,?
1361,1518265201.0,41.23611095,-8.544174017,115.9,7.717,125.10,4.3,?,?
1362,1518265202.0,41.2360875,-8.544121167,115.0,5.402,125.50,4.3,?,?
1363,1518265203.0,41.236078783,-8.544092567,115.0,3.395,120.10,4.3,?,?
1364,1518265204.0,41.236081567,-8.544079433,116.1,2.006,98.40,4.3,?,?
1365,1518265205.0,41.23608435,-8.54405295,117.6,2.212,72.40,4.3,?,?
1366,1518265206.0,41.23610365,-8.544016817,114.2,4.373,44.90,3.1,?,?
1367,1518265207.0,41.236150583,-8.5439913,114.8,5.968,33.00,3.1,?,?
1368,1518265208.0,41.236205833,-8.543965533,115.6,7.048,27.80,3.1,?,?
1369,1518265209.0,41.236279633,-8.543935267,115.8,8.540,22.20,3.1,?,?
1370,1518265210.0,41.2363669,-8.543894217,116.1,10.237,18.80,3.1,?,?
1371,1518265211.0,41.236454517,-8.543848817,116.5,11.009,19.10,3.1,?,?
1372,1518265212.0,41.236547633,-8.5437867,117.6,11.935,21.20,5.2,?,?
1373,1518265213.0,41.236663917,-8.54377125,119.2,12.964,23.60,5.2,?,?
1374,1518265214.0,41.2368256,-8.5438586,119.9,14.147,24.70,1.9,1.0,2.1
1375,1518265215.0,41.236959783,-8.543770933,120.6,15.485,26.90,1.9,1.0,2.1
1376,1518265216.0,41.237099133,-8.543684183,120.5,16.256,26.40,1.9,1.0,2.1
1377,1518265217.0,41.23725445,-8.54358725,120.5,17.388,25.30,1.9,1.0,2.1
1378,1518265218.0,41.237416683,-8.5434868,120.5,18.366,24.70,1.9,1.0,2.1
1379,1518265219.0,41.237579267,-8.543383833,120.6,18.983,24.90,1.9,1.0,2.1
1380,1518265220.0,41.237738783,-8.54328575,120.7,19.137,24.80,1.9,1.0,2.1
1381,1518265221.0,41.23790055,-8.543188817,120.7,19.343,24.30,5.7,1.0,5.8
1382,1518265222.0,41.2380623,-8.5430931,120.6,19.343,23.60,5.7,1.0,5.8
1383,1518265223.0,41.238224467,-8.542995733,120.2,19.446,23.80,5.7,1.0,5.8
1384,1518265224.0,41.238387317,-8.5429053,119.6,19.292,22.90,5.7,1.0,5.8
1385,1518265225.0,41.238541467,-8.542822767,118.3,18.829,21.80,5.7,1.0,5.8
