,n,Session,location.seconds.Unix,location.millis,location.gpstime,location.lat,location.lon,location.alt,location.track,location.speed.M-S,location.acc,location.nsats
0,1,14636,1479040794,948,1479040802.0,41.22935031,-8.55434503,156.1,209.3,0.25,24.0,8.0
1,2,14636,1479040795,911,1479040802.0,41.22938266,-8.55429435,154.6,209.3,0.75,14.0,7.0
2,3,14636,1479040797,203,1479040804.0,41.22935991,-8.55436169,156.4,209.3,0.75,13.0,1.0
3,4,14636,1479040798,193,1479040805.0,41.22933782,-8.5543496,155.7,18.0,6.0,,
4,5,14636,1479040799,906,1479040807.0,41.22929273,-8.55439261,155.2,12.0,7.0,,
5,6,14636,1479040800,913,1479040808.0,41.22929024,-8.55438195,155.2,11.0,7.0,,
6,7,14636,1479040801,905,1479040809.0,41.22928884,-8.55436001,155.5,11.0,7.0,,
7,8,14636,1479040802,917,1479040810.0,41.22930239,-8.55434867,155.7,11.0,7.0,,
8,9,14636,1479040803,905,1479040811.0,41.22929799,-8.55434917,155.8,10.0,7.0,,
9,10,14636,1479040805,429,1479040812.0,41.22930601,-8.55433506,156.2,10.0,7.0,,
10,11,14636,1479040806,939,1479040814.0,41.22931673,-8.55433028,156.6,10.0,7.0,,
11,12,14636,1479040808,461,1479040815.0,41.22932015,-8.55432978,156.7,10.0,7.0,,
12,13,14636,1479040810,484,1479040817.0,41.22931737,-8.55432603,156.7,10.0,7.0,,
13,14,14636,1479040812,469,1479040819.0,41.22931778,-8.55432567,156.7,9.0,7.0,,
14,15,14636,1479040814,532,1479040821.0,41.22931965,-8.55431901,156.5,10.0,7.0,,
15,16,14636,1479040815,922,1479040823.0,41.22932034,-8.55431525,156.3,10.0,7.0,,
16,17,14636,1479040817,445,1479040824.0,41.22932032,-8.55431478,156.3,10.0,7.0,,
17,18,14636,1479040819,482,1479040826.0,41.22932031,-8.55431394,156.3,10.0,7.0,,
18,19,14636,1479040820,47,1479040827.0,41.2293195,-8.5543051,155.7,9.0,-1.0,,
19,20,14636,1479040821,56,1479040828.0,41.22931837,-8.55428978,154.8,10.0,7.0,,
20,21,14636,1479040822,517,1479040829.0,41.22931834,-8.55428841,154.8,10.0,7.0,,
21,22,14636,1479040824,474,1479040831.0,41.22924739,-8.55427804,154.6,174.5,4.0,10.0,8.0
22,23,14636,1479040826,458,1479040833.0,41.22913133,-8.55422008,148.2,175.9,5.5,11.0,8.0
23,24,14636,1479040828,470,1479040835.0,41.22901661,-8.55419505,146.5,179.2,6.0,10.0,8.0
24,25,14636,1479040829,47,1479040836.0,41.2289508,-8.5542076,147.5,179.0,5.25,10.0,-1.0
25,26,14636,1479040830,5,1479040837.0,41.22890082,-8.554205,146.3,179.6,5.0,10.0,8.0
26,27,14636,1479040831,505,1479040838.0,41.22887323,-8.55420495,147.0,178.6,4.0,10.0,8.0
27,28,14636,1479040833,444,1479040840.0,41.22880788,-8.55419083,145.4,175.9,3.5,10.0,8.0
28,29,14636,1479040835,473,1479040842.0,41.22871816,-8.5541869,144.9,175.7,4.25,10.0,8.0
29,30,14636,1479040837,550,1479040844.0,41.22861064,-8.55417736,144.0,176.3,5.5,10.0,8.0
30,31,14636,1479040838,980,1479040846.0,41.22848623,-8.55416025,143.3,175.5,7.5,10.0,8.0
31,32,14636,1479040840,517,1479040847.0,41.22841533,-8.55414749,142.5,175.7,8.0,10.0,8.0
32,33,14636,1479040842,477,1479040849.0,41.2282343,-8.55413862,144.0,176.4,9.5,10.0,8.0
33,34,14636,1479040844,478,1479040851.0,41.22802007,-8.55413629,141.1,176.5,11.0,10.0,8.0
34,35,14636,1479040845,951,1479040853.0,41.2277994,-8.55411542,139.3,176.5,11.75,10.0,8.0
35,36,14636,1479040847,470,1479040854.0,41.22769162,-8.55410029,139.0,176.2,11.75,10.0,8.0
36,37,14636,1479040849,434,1479040856.0,41.22747272,-8.55408446,138.1,175.5,12.25,10.0,9.0
37,38,14636,1479040851,472,1479040858.0,41.227251,-8.55406024,136.7,175.5,12.75,10.0,9.0
38,39,14636,1479040852,7,1479040859.0,41.2271337,-8.5540531,137.0,176.0,13.75,10.0,-1.0
39,40,14636,1479040853,2,1479040860.0,41.2270037,-8.55403987,137.1,176.8,14.25,10.0,8.0
40,41,14636,1479040854,520,1479040861.0,41.22687657,-8.55403104,136.7,177.1,14.25,10.0,8.0
41,42,14636,1479040856,451,1479040863.0,41.2266207,-8.55400738,136.6,176.8,14.25,10.0,8.0
42,43,14636,1479040858,461,1479040865.0,41.22636624,-8.55399511,134.4,178.0,14.25,10.0,8.0
43,44,14636,1479040860,460,1479040867.0,41.22611077,-8.55399668,133.3,180.1,13.75,11.0,8.0
44,45,14636,1479040861,959,1479040869.0,41.22587562,-8.55401146,132.6,182.1,13.25,12.0,8.0
45,46,14636,1479040863,474,1479040870.0,41.22576756,-8.55405513,132.2,186.3,13.0,13.0,9.0
46,47,14636,1479040865,430,1479040872.0,41.2255733,-8.55415995,132.2,194.0,12.25,14.0,9.0
47,48,14636,1479040867,462,1479040874.0,41.22535343,-8.5542086,132.0,192.9,12.0,15.0,9.0
48,49,14636,1479040868,996,1479040876.0,41.22513164,-8.55436715,132.0,199.4,12.25,15.0,9.0
49,50,14636,1479040869,20,1479040876.0,41.2251316,-8.5543671,132.0,199.0,12.25,15.0,-1.0
50,51,14636,1479040870,498,1479040877.0,41.22504238,-8.55460805,132.0,211.1,13.0,14.0,9.0
51,52,14636,1479040872,461,1479040879.0,41.22482715,-8.55484566,132.0,215.7,13.25,14.0,10.0
52,53,14636,1479040874,455,1479040881.0,41.22467978,-8.5550296,132.0,218.0,12.75,14.0,10.0
53,54,14636,1479040875,917,1479040883.0,41.22452553,-8.55535843,131.9,223.5,13.5,14.0,9.0
54,55,14636,1479040877,53,1479040884.0,41.22444973,-8.55545881,137.3,222.6,13.25,14.0,9.0
55,56,14636,1479040879,477,1479040886.0,41.22420017,-8.55575693,134.3,222.5,14.75,14.0,9.0
56,57,14636,1479040881,537,1479040888.0,41.22394808,-8.55607583,133.3,222.0,16.75,12.0,9.0
57,58,14636,1479040882,19,1479040889.0,41.2238421,-8.5561853,133.0,220.0,16.75,12.0,-1.0
58,59,14636,1479040883,502,1479040890.0,41.22371291,-8.55627456,132.6,216.7,16.5,12.0,10.0
59,60,14636,1479040884,910,1479040892.0,41.22347143,-8.55643038,132.4,213.0,15.75,12.0,10.0
60,61,14636,1479040886,31,1479040893.0,41.22338309,-8.55652098,132.5,213.1,15.5,13.0,10.0
61,62,14636,1479040888,442,1479040895.0,41.22315176,-8.55655058,132.5,204.0,14.5,13.0,10.0
62,63,14636,1479040889,24,1479040896.0,41.2230276,-8.5565689,132.4,201.0,14.25,13.0,-1.0
63,64,14636,1479040890,465,1479040897.0,41.2229107,-8.55662574,132.4,201.6,14.0,13.0,10.0
64,65,14636,1479040891,41,1479040898.0,41.2227633,-8.5567204,132.6,202.0,15.0,13.0,-1.0
65,66,14636,1479040892,43,1479040899.0,41.22263912,-8.5568308,133.2,204.3,15.25,13.0,10.0
66,67,14636,1479040893,501,1479040900.0,41.22249789,-8.55693427,133.3,205.8,15.25,13.0,10.0
67,68,14636,1479040895,465,1479040902.0,41.22226085,-8.5569906,132.4,203.5,14.5,12.0,9.0
68,69,14636,1479040897,482,1479040904.0,41.22208732,-8.55713616,132.7,208.3,12.5,13.0,10.0
69,70,14636,1479040899,459,1479040906.0,41.22196524,-8.5573511,132.2,219.3,11.5,13.0,10.0
70,71,14636,1479040900,972,1479040908.0,41.22186518,-8.55768834,132.4,230.0,12.5,12.0,9.0
71,72,14636,1479040901,913,1479040909.0,41.22180152,-8.55782138,132.2,231.0,12.75,12.0,9.0
72,73,14636,1479040902,922,1479040910.0,41.22170497,-8.55794934,132.0,229.4,13.25,12.0,9.0
73,74,14636,1479040903,907,1479040911.0,41.22162095,-8.55813658,131.9,230.8,14.25,12.0,8.0
74,75,14636,1479040904,941,1479040912.0,41.22153227,-8.5582787,131.8,230.0,14.5,12.0,9.0
75,76,14636,1479040906,469,1479040913.0,41.2214359,-8.55836479,131.5,226.6,14.25,12.0,9.0
76,77,14636,1479040908,3,1479040915.0,41.22124645,-8.55872404,132.2,228.0,15.5,14.0,9.0
77,78,14636,1479040909,510,1479040916.0,41.22113467,-8.55877573,132.4,223.7,15.0,14.0,9.0
78,79,14636,1479040911,465,1479040918.0,41.22094592,-8.5588087,132.6,215.0,13.0,15.0,9.0
79,80,14636,1479040913,458,1479040920.0,41.2206392,-8.55889833,132.4,207.1,14.0,15.0,9.0
80,81,14636,1479040914,23,1479040921.0,41.2205341,-8.5588106,131.6,199.0,13.0,15.0,-1.0
81,82,14636,1479040915,523,1479040922.0,41.2204741,-8.55876025,131.2,196.0,11.0,14.0,10.0
82,83,14636,1479040916,948,1479040924.0,41.22032321,-8.5588784,131.2,201.1,10.5,14.0,10.0
83,84,14636,1479040918,477,1479040925.0,41.22021578,-8.55896263,130.9,202.0,11.0,14.0,10.0
84,85,14636,1479040920,451,1479040927.0,41.22003615,-8.5588161,130.2,173.3,10.75,13.0,10.0
85,86,14636,1479040922,471,1479040929.0,41.21987361,-8.55877852,130.4,169.5,9.75,13.0,10.0
86,87,14636,1479040923,999,1479040931.0,41.21979706,-8.55882314,132.7,181.5,7.75,11.0,10.0
87,88,14636,1479040924,31,1479040931.0,41.2197971,-8.5588231,132.7,181.0,7.75,11.0,-1.0
88,89,14636,1479040925,533,1479040932.0,41.21973036,-8.55882542,133.6,180.2,8.0,10.0,10.0
89,90,14636,1479040927,436,1479040934.0,41.219591,-8.55881266,133.7,180.5,8.5,11.0,10.0
90,91,14636,1479040929,470,1479040936.0,41.21946188,-8.55881415,132.8,181.5,8.25,12.0,10.0
91,92,14636,1479040931,555,1479040938.0,41.21933435,-8.55878144,132.6,175.3,8.5,12.0,10.0
92,93,14636,1479040932,964,1479040940.0,41.21915233,-8.55880066,133.0,177.4,9.0,13.0,10.0
93,94,14636,1479040934,545,1479040941.0,41.21908336,-8.55877103,132.3,174.5,9.0,13.0,9.0
94,95,14636,1479040936,461,1479040943.0,41.21886818,-8.55886603,133.0,183.2,9.75,14.0,9.0
95,96,14636,1479040938,482,1479040945.0,41.21866129,-8.55885314,135.5,180.6,10.25,14.0,9.0
96,97,14636,1479040939,931,1479040947.0,41.21848282,-8.55880932,136.3,178.6,9.75,11.0,9.0
97,98,14636,1479040940,920,1479040948.0,41.21838126,-8.55883071,136.0,179.2,9.75,11.0,9.0
98,99,14636,1479040941,947,1479040949.0,41.21827974,-8.55885387,134.5,180.1,9.75,12.0,9.0
99,100,14636,1479040943,498,1479040950.0,41.21820396,-8.55883126,134.6,181.2,10.5,12.0,8.0
100,101,14636,1479040945,476,1479040952.0,41.21801203,-8.55884238,136.0,180.3,11.5,11.0,8.0
101,102,14636,1479040947,482,1479040954.0,41.21778544,-8.55887524,138.6,180.1,11.75,11.0,8.0
102,103,14636,1479040948,36,1479040955.0,41.2176645,-8.5588845,139.4,178.0,11.75,11.0,-1.0
103,104,14636,1479040949,11,1479040956.0,41.21755654,-8.55888404,139.7,180.7,11.5,11.0,8.0
104,105,14636,1479040950,466,1479040957.0,41.21743873,-8.5588979,140.9,180.8,11.75,11.0,8.0
105,106,14636,1479040952,440,1479040959.0,41.21723431,-8.55886774,141.2,180.1,12.0,10.0,8.0
106,107,14636,1479040953,20,1479040960.0,41.2171186,-8.558864,141.1,180.0,11.75,11.0,-1.0
107,108,14636,1479040954,470,1479040961.0,41.21701245,-8.55887858,142.0,182.5,11.5,11.0,8.0
108,109,14636,1479040955,7,1479040962.0,41.21691,-8.5588771,142.3,183.0,11.5,11.0,-1.0
109,110,14636,1479040956,12,1479040963.0,41.21680981,-8.55888521,143.0,183.3,11.5,11.0,8.0
110,111,14636,1479040957,526,1479040964.0,41.21670298,-8.55890634,143.0,188.0,11.75,11.0,8.0
111,112,14636,1479040959,438,1479040966.0,41.21650048,-8.55893829,143.2,189.9,12.0,11.0,8.0
112,113,14636,1479040961,480,1479040968.0,41.21631037,-8.55897241,142.8,189.9,11.5,12.0,8.0
113,114,14636,1479040963,495,1479040970.0,41.21611138,-8.55906937,143.2,194.7,11.75,13.0,8.0
114,115,14636,1479040964,951,1479040972.0,41.21595812,-8.55919053,144.9,200.4,11.0,13.0,8.0
115,116,14636,1479040966,540,1479040973.0,41.21585497,-8.55928153,145.5,203.8,11.25,14.0,8.0
116,117,14636,1479040967,963,1479040975.0,41.21574599,-8.55941258,146.2,209.5,9.25,14.0,8.0
117,118,14636,1479040968,927,1479040976.0,41.21568237,-8.55948452,139.6,212.6,9.0,14.0,8.0
118,119,14636,1479040969,918,1479040977.0,41.21563527,-8.55954189,141.4,218.0,8.5,15.0,8.0
119,120,14636,1479040971,13,1479040978.0,41.21560677,-8.55962924,143.2,224.4,8.0,15.0,8.0
120,121,14636,1479040971,934,1479040979.0,41.21557139,-8.55969464,143.8,227.4,7.75,16.0,8.0
121,122,14636,1479040973,460,1479040980.0,41.21553954,-8.55980521,144.8,233.9,8.0,16.0,8.0
122,123,14636,1479040975,461,1479040982.0,41.21542136,-8.56005051,146.4,229.3,9.25,14.0,8.0
123,124,14636,1479040976,958,1479040984.0,41.2153083,-8.56023961,147.1,228.3,9.75,14.0,8.0
124,125,14636,1479040978,485,1479040985.0,41.21523614,-8.56025826,147.3,223.6,9.5,14.0,8.0
125,126,14636,1479040980,468,1479040987.0,41.21510726,-8.56032401,147.5,219.9,8.75,13.0,8.0
126,127,14636,1479040982,479,1479040989.0,41.21503374,-8.56013955,149.8,209.5,5.5,13.0,8.0
127,128,14636,1479040983,17,1479040990.0,41.2150207,-8.5601191,150.6,212.0,3.0,12.0,-1.0
128,129,14636,1479040984,15,1479040991.0,41.21500483,-8.56012028,150.5,214.3,2.5,12.0,9.0
129,130,14636,1479040985,29,1479040992.0,41.21499853,-8.56017658,150.5,235.4,2.0,12.0,9.0
130,131,14636,1479040985,936,1479040993.0,41.2149834,-8.5601525,150.8,225.1,1.25,13.0,9.0
131,132,14636,1479040987,466,1479040994.0,41.21495535,-8.56014798,150.3,211.6,1.25,13.0,9.0
132,133,14636,1479040989,502,1479040996.0,41.21496067,-8.56010812,150.7,211.6,0.25,13.0,9.0
133,134,14636,1479040991,465,1479040998.0,41.21494693,-8.56004882,150.9,11.0,9.0,,
134,135,14636,1479040992,103,1479040999.0,41.2149487,-8.5600502,151.0,11.0,-1.0,,
135,136,14636,1479041023,420,1479041030.0,41.21368493,-8.56215401,155.3,244.0,13.0,14.0,11.0
136,137,14636,1479041024,932,1479041032.0,41.21355759,-8.56238043,155.6,240.6,12.5,15.0,11.0
137,138,14636,1479041025,963,1479041033.0,41.21351344,-8.56252031,155.6,240.7,12.5,15.0,11.0
138,139,14636,1479041027,484,1479041034.0,41.21344192,-8.56271933,156.4,239.7,13.25,15.0,11.0
139,140,14636,1479041028,16,1479041035.0,41.2134242,-8.5628941,156.4,243.0,13.25,15.0,-1.0
140,141,14636,1479041029,25,1479041036.0,41.21339574,-8.56311669,156.7,247.1,13.75,15.0,11.0
141,142,14636,1479041030,531,1479041037.0,41.21329467,-8.56321562,156.3,241.7,13.75,15.0,11.0
142,143,14636,1479041031,931,1479041039.0,41.21316798,-8.56355596,157.2,242.3,14.25,14.0,11.0
143,144,14636,1479041032,928,1479041040.0,41.21312128,-8.56367127,157.2,242.7,13.25,13.0,10.0
144,145,14636,1479041033,932,1479041041.0,41.2130761,-8.56382474,157.4,243.2,13.25,13.0,10.0
145,146,14636,1479041035,482,1479041042.0,41.21301063,-8.56377214,157.8,230.1,10.75,12.0,10.0
146,147,14636,1479041036,23,1479041043.0,41.2129115,-8.5638951,157.8,228.0,11.5,12.0,-1.0
147,148,14636,1479041037,498,1479041044.0,41.21286464,-8.56404467,157.8,236.0,11.75,13.0,10.0
148,149,14636,1479041039,469,1479041046.0,41.2126816,-8.56424148,159.3,226.6,12.75,13.0,10.0
149,150,14636,1479041041,445,1479041048.0,41.21249601,-8.56441442,161.8,220.0,13.0,13.0,10.0
150,151,14636,1479041042,25,1479041049.0,41.2124275,-8.564405,161.7,214.0,11.75,14.0,-1.0
151,152,14636,1479041043,530,1479041050.0,41.21230637,-8.56448652,162.0,212.5,12.5,14.0,10.0
152,153,14636,1479041044,948,1479041052.0,41.21205509,-8.56464129,162.6,210.1,13.5,13.0,10.0
153,154,14636,1479041046,468,1479041053.0,41.2119552,-8.56466976,163.4,209.8,13.5,12.0,10.0
154,155,14636,1479041048,453,1479041055.0,41.21178512,-8.5648388,164.7,211.2,13.25,11.0,10.0
155,156,14636,1479041050,538,1479041057.0,41.21157591,-8.56500819,166.3,208.8,13.0,11.0,10.0
156,157,14636,1479041051,92,1479041058.0,41.2114768,-8.5650751,167.6,210.0,13.0,11.0,-1.0
157,158,14636,1479041052,2,1479041059.0,41.21137264,-8.56516284,168.6,210.9,12.75,11.0,10.0
158,159,14636,1479041053,515,1479041060.0,41.21127504,-8.56527317,168.9,214.4,13.25,10.0,10.0
159,160,14636,1479041055,484,1479041062.0,41.21107964,-8.56543715,169.3,212.5,13.25,10.0,10.0
160,161,14636,1479041057,484,1479041064.0,41.21087554,-8.56561515,170.1,212.6,12.75,11.0,10.0
161,162,14636,1479041059,482,1479041066.0,41.21067845,-8.56576648,171.7,210.8,12.75,10.0,10.0
162,163,14636,1479041060,984,1479041068.0,41.21047965,-8.56589681,174.4,210.5,12.75,11.0,9.0
163,164,14636,1479041061,22,1479041068.0,41.2104797,-8.5658968,174.4,210.0,12.75,11.0,-1.0
164,165,14636,1479041062,483,1479041069.0,41.21037897,-8.56597873,174.4,211.4,13.0,11.0,9.0
165,166,14636,1479041064,458,1479041071.0,41.21016197,-8.56617507,175.4,213.0,13.75,10.0,9.0
166,167,14636,1479041066,481,1479041073.0,41.20994305,-8.56634452,176.9,211.3,14.25,11.0,9.0
167,168,14636,1479041067,991,1479041075.0,41.20971485,-8.56652749,178.2,211.4,14.5,11.0,9.0
168,169,14636,1479041069,507,1479041076.0,41.20960875,-8.56663367,177.8,213.1,14.5,10.0,9.0
169,170,14636,1479041071,478,1479041078.0,41.20940091,-8.56681026,177.7,214.2,13.75,10.0,9.0
170,171,14636,1479041073,474,1479041080.0,41.20922048,-8.56696538,179.1,215.1,12.0,10.0,9.0
171,172,14636,1479041074,7,1479041081.0,41.209145,-8.5670415,177.9,213.0,11.0,11.0,-1.0
172,173,14636,1479041075,532,1479041082.0,41.20905764,-8.56710522,177.9,212.3,11.0,11.0,9.0
173,174,14636,1479041076,942,1479041084.0,41.20889131,-8.56719557,178.2,208.0,10.75,12.0,9.0
174,175,14636,1479041078,51,1479041085.0,41.2087942,-8.56725755,178.3,207.2,11.0,13.0,9.0
175,176,14636,1479041080,446,1479041087.0,41.20864175,-8.56730828,178.7,204.0,10.0,13.0,9.0
176,177,14636,1479041081,46,1479041088.0,41.2085617,-8.5673139,177.8,201.0,9.5,13.0,-1.0
177,178,14636,1479041082,492,1479041089.0,41.20846867,-8.56717154,177.8,180.2,9.5,11.0,9.0
178,179,14636,1479041083,27,1479041090.0,41.208388,-8.5671229,178.7,179.0,9.25,11.0,-1.0
179,180,14636,1479041084,23,1479041091.0,41.2083044,-8.5671247,178.3,180.1,9.25,12.0,8.0
180,181,14636,1479041085,511,1479041092.0,41.20821163,-8.56715768,178.9,183.4,9.0,11.0,8.0
181,182,14636,1479041087,468,1479041094.0,41.20804967,-8.56722169,181.5,182.3,8.75,11.0,8.0
182,183,14636,1479041089,472,1479041096.0,41.20789699,-8.5672373,182.9,183.0,8.0,11.0,9.0
183,184,14636,1479041091,482,1479041098.0,41.20773846,-8.56722064,182.1,181.0,8.0,11.0,9.0
184,185,14636,1479041092,938,1479041100.0,41.20759351,-8.56721971,182.7,179.9,7.75,11.0,9.0
185,186,14636,1479041093,939,1479041101.0,41.20751768,-8.56723506,182.8,180.5,8.0,12.0,9.0
186,187,14636,1479041094,938,1479041102.0,41.20745681,-8.56723907,183.0,180.0,7.5,13.0,9.0
187,188,14636,1479041095,924,1479041103.0,41.20741698,-8.56723397,182.9,179.2,6.5,13.0,9.0
188,189,14636,1479041096,940,1479041104.0,41.20738065,-8.56724909,183.3,182.0,5.75,14.0,9.0
189,190,14636,1479041098,547,1479041105.0,41.20735701,-8.56724332,183.0,184.2,4.5,15.0,9.0
190,191,14636,1479041100,469,1479041107.0,41.20730862,-8.56724186,182.8,186.7,3.25,15.0,9.0
191,192,14636,1479041101,979,1479041109.0,41.20733332,-8.56729503,183.5,201.5,2.0,14.0,9.0
192,193,14636,1479041103,508,1479041110.0,41.20733212,-8.56725574,184.7,186.3,1.75,14.0,9.0
193,194,14636,1479041105,458,1479041112.0,41.20733961,-8.56723935,185.9,11.0,9.0,,
194,195,14636,1479041107,588,1479041114.0,41.20734548,-8.56723009,186.1,10.0,9.0,,
195,196,14636,1479041108,7,1479041115.0,41.2073613,-8.5672161,186.2,10.0,-1.0,,
196,197,14636,1479041109,515,1479041116.0,41.20736509,-8.56720837,186.5,10.0,9.0,,
197,198,14636,1479041110,988,1479041118.0,41.207375,-8.56719711,186.4,11.0,9.0,,
198,199,14636,1479041111,30,1479041118.0,41.207375,-8.5671971,186.4,11.0,-1.0,,
199,200,14636,1479041112,499,1479041119.0,41.20737884,-8.56718863,186.1,11.0,9.0,,
200,201,14636,1479041114,451,1479041121.0,41.20739446,-8.56718736,186.1,11.0,9.0,,
201,202,14636,1479041116,489,1479041123.0,41.20739538,-8.56718576,185.9,11.0,9.0,,
202,203,14636,1479041117,39,1479041124.0,41.2073956,-8.5671854,185.8,11.0,-1.0,,
203,204,14636,1479041118,26,1479041125.0,41.20739553,-8.56718542,185.8,11.0,8.0,,
204,205,14636,1479041119,509,1479041126.0,41.2073956,-8.56718534,185.8,11.0,8.0,,
205,206,14636,1479041121,461,1479041128.0,41.20739558,-8.56718535,185.8,11.0,8.0,,
206,207,14636,1479041123,485,1479041130.0,41.20739556,-8.56718534,185.8,10.0,8.0,,
207,208,14636,1479041125,494,1479041132.0,41.20739558,-8.56718523,185.8,10.0,8.0,,
208,209,14636,1479041126,969,1479041134.0,41.20739557,-8.56718518,185.8,10.0,8.0,,
209,210,14636,1479041127,1,1479041134.0,41.2073956,-8.5671852,185.8,10.0,-1.0,,
210,211,14636,1479041128,473,1479041135.0,41.20739558,-8.56718509,185.8,10.0,8.0,,
211,212,14636,1479041130,477,1479041137.0,41.20739564,-8.56718507,185.8,10.0,8.0,,
212,213,14636,1479041132,485,1479041139.0,41.20739569,-8.56718503,185.8,10.0,7.0,,
213,214,14636,1479041133,987,1479041141.0,41.20739577,-8.56718494,185.8,9.0,7.0,,
214,215,14636,1479041135,491,1479041142.0,41.20739575,-8.56718488,185.8,9.0,7.0,,
215,216,14636,1479041137,476,1479041144.0,41.20739572,-8.56718497,185.8,9.0,7.0,,
216,217,14636,1479041139,471,1479041146.0,41.20739587,-8.56718489,185.8,10.0,7.0,,
217,218,14636,1479041140,66,1479041147.0,41.2073958,-8.5671849,185.8,9.0,-1.0,,
218,219,14636,1479041141,12,1479041148.0,41.20739581,-8.56718497,185.9,10.0,7.0,,
219,220,14636,1479041142,61,1479041149.0,41.2073958,-8.56718492,185.9,10.0,7.0,,
220,221,14636,1479041144,119,1479041151.0,41.20739579,-8.56718504,185.9,9.0,7.0,,
221,222,14636,1479041146,450,1479041153.0,41.20739582,-8.56718509,185.9,9.0,7.0,,
222,223,14636,1479041147,6,1479041154.0,41.2073958,-8.5671851,185.9,9.0,-1.0,,
223,224,14636,1479041148,478,1479041155.0,41.20739585,-8.56718496,185.9,10.0,7.0,,
224,225,14636,1479041149,998,1479041157.0,41.20739582,-8.56718504,185.9,10.0,7.0,,
225,226,14636,1479041150,35,1479041157.0,41.2073958,-8.567185,185.9,10.0,-1.0,,
226,227,14636,1479041151,496,1479041158.0,41.20739583,-8.56718503,185.9,10.0,7.0,,
227,228,14636,1479041153,457,1479041160.0,41.20739581,-8.56718501,185.9,9.0,7.0,,
228,229,14636,1479041154,11,1479041161.0,41.2073958,-8.567185,185.9,10.0,-1.0,,
229,230,14636,1479041155,501,1479041162.0,41.20739579,-8.56718498,185.9,10.0,7.0,,
230,231,14636,1479041156,1479041163,41.2073958,-8.567185,185.9,10.0,-1.0,,,
231,232,14636,1479041157,514,1479041164.0,41.20739572,-8.56718506,185.9,10.0,7.0,,
232,233,14636,1479041158,971,1479041166.0,41.20739575,-8.56718507,185.9,10.0,7.0,,
233,234,14636,1479041159,9,1479041166.0,41.2073958,-8.5671851,185.9,10.0,-1.0,,
234,235,14636,1479041160,481,1479041167.0,41.20739579,-8.56718506,185.9,10.0,7.0,,
235,236,14636,1479041162,487,1479041169.0,41.20739583,-8.56718504,185.9,10.0,7.0,,
236,237,14636,1479041164,474,1479041171.0,41.20739575,-8.56718507,185.9,10.0,7.0,,
237,238,14636,1479041165,22,1479041172.0,41.2073957,-8.5671851,185.9,10.0,-1.0,,
238,239,14636,1479041166,59,1479041173.0,41.20739563,-8.56718515,185.9,11.0,8.0,,
239,240,14636,1479041167,511,1479041174.0,41.20737291,-8.56718569,185.9,181.0,4.25,11.0,8.0
240,241,14636,1479041169,462,1479041176.0,41.20721075,-8.56719042,185.3,175.0,5.25,11.0,8.0
241,242,14636,1479041171,467,1479041178.0,41.20710894,-8.56715005,184.2,175.8,5.25,12.0,8.0
242,243,14636,1479041172,23,1479041179.0,41.2070593,-8.5671481,183.4,176.0,5.5,13.0,-1.0
243,244,14636,1479041173,21,1479041180.0,41.20698457,-8.56714181,184.0,176.1,5.75,13.0,8.0
244,245,14636,1479041173,940,1479041181.0,41.20693086,-8.56715026,184.0,180.0,5.75,14.0,8.0
245,246,14636,1479041174,933,1479041182.0,41.2068903,-8.56714918,184.0,179.5,5.5,14.0,8.0
246,247,14636,1479041176,453,1479041183.0,41.20681109,-8.56713753,184.2,179.4,6.0,14.0,8.0
247,248,14636,1479041177,14,1479041184.0,41.2067828,-8.5671698,184.3,189.0,4.75,12.0,-1.0
248,249,14636,1479041178,502,1479041185.0,41.20673222,-8.56720833,184.3,191.1,5.5,12.0,8.0
249,250,14636,1479041180,495,1479041187.0,41.20658268,-8.56725732,184.2,195.3,6.5,13.0,8.0
250,251,14636,1479041182,481,1479041189.0,41.20644663,-8.56731383,184.3,195.0,7.0,14.0,8.0
251,252,14636,1479041183,955,1479041191.0,41.20626885,-8.56741297,185.4,197.3,8.25,14.0,8.0
252,253,14636,1479041184,940,1479041192.0,41.20611358,-8.56749595,186.0,201.7,10.75,13.0,8.0
253,254,14636,1479041185,945,1479041193.0,41.20601959,-8.56755157,185.7,210.7,10.25,12.0,8.0
254,255,14636,1479041186,945,1479041194.0,41.20593486,-8.56763166,185.2,210.9,10.25,12.0,8.0
255,256,14636,1479041187,944,1479041195.0,41.20586033,-8.56768824,183.9,212.0,10.0,13.0,8.0
256,257,14636,1479041189,27,1479041196.0,41.20579116,-8.56777181,184.1,215.2,10.0,13.0,8.0
257,258,14636,1479041189,931,1479041197.0,41.2057272,-8.56783728,183.9,215.9,9.75,14.0,8.0
258,259,14636,1479041190,945,1479041198.0,41.20568471,-8.5678861,184.1,216.4,9.25,14.0,8.0
259,260,14636,1479041191,945,1479041199.0,41.20560153,-8.56795649,184.0,215.1,9.5,15.0,8.0
260,261,14636,1479041192,952,1479041200.0,41.20551791,-8.56800487,183.9,212.3,9.5,16.0,8.0
261,262,14636,1479041194,8,1479041201.0,41.20543815,-8.56806621,183.5,213.9,9.5,16.0,8.0
262,263,14636,1479041194,937,1479041202.0,41.20538751,-8.56817798,183.8,219.3,9.5,16.0,8.0
263,264,14636,1479041195,989,1479041203.0,41.20531171,-8.56819126,183.4,218.4,9.0,17.0,8.0
264,265,14636,1479041196,937,1479041204.0,41.20524294,-8.56833152,183.5,224.8,9.5,16.0,8.0
265,266,14636,1479041197,944,1479041205.0,41.20515626,-8.56845613,183.2,227.1,10.0,15.0,8.0
266,267,14636,1479041198,961,1479041206.0,41.20505482,-8.56857174,183.4,226.6,10.5,16.0,8.0
267,268,14636,1479041199,937,1479041207.0,41.20499906,-8.56862057,183.4,225.6,10.25,16.0,8.0
268,269,14636,1479041200,949,1479041208.0,41.20492343,-8.56869169,183.5,224.0,10.0,15.0,8.0
269,270,14636,1479041201,947,1479041209.0,41.20485759,-8.56879898,183.2,224.7,10.25,15.0,8.0
270,271,14636,1479041202,939,1479041210.0,41.20484596,-8.56885685,183.2,227.0,9.5,15.0,8.0
271,272,14636,1479041203,938,1479041211.0,41.20484564,-8.56883579,183.5,226.2,8.0,16.0,8.0
272,273,14636,1479041204,938,1479041212.0,41.20486059,-8.56887126,183.2,228.7,7.25,16.0,8.0
273,274,14636,1479041205,937,1479041213.0,41.204832,-8.56889893,183.4,227.5,6.75,16.0,8.0
274,275,14636,1479041206,989,1479041214.0,41.20477755,-8.56898519,183.4,227.2,7.25,16.0,8.0
275,276,14636,1479041207,946,1479041215.0,41.20472265,-8.5690192,183.1,224.4,7.0,17.0,8.0
276,277,14636,1479041208,939,1479041216.0,41.20470457,-8.56905251,182.8,224.4,6.75,16.0,9.0
277,278,14636,1479041209,942,1479041217.0,41.20465978,-8.56911116,182.8,224.0,6.75,16.0,9.0
278,279,14636,1479041210,941,1479041218.0,41.20464199,-8.56923654,183.5,229.2,7.25,16.0,9.0
279,280,14636,1479041211,944,1479041219.0,41.20458702,-8.56934936,183.7,229.1,7.75,16.0,9.0
280,281,14636,1479041212,937,1479041220.0,41.20455967,-8.56945629,183.7,230.8,8.0,15.0,9.0
281,282,14636,1479041213,940,1479041221.0,41.20452532,-8.5694977,184.8,230.0,7.5,13.0,9.0
282,283,14636,1479041214,939,1479041222.0,41.20451278,-8.56951974,184.7,230.8,6.75,13.0,9.0
283,284,14636,1479041215,946,1479041223.0,41.20447833,-8.56957026,184.4,231.1,6.5,13.0,9.0
284,285,14636,1479041216,958,1479041224.0,41.20440658,-8.56963877,184.9,228.3,7.0,13.0,8.0
285,286,14636,1479041217,950,1479041225.0,41.20437336,-8.56974195,184.0,232.3,7.25,13.0,9.0
286,287,14636,1479041218,948,1479041226.0,41.20438371,-8.56981539,183.5,238.6,6.5,13.0,9.0
287,288,14636,1479041220,6,1479041227.0,41.20432734,-8.56988809,183.7,234.5,6.75,13.0,9.0
288,289,14636,1479041220,952,1479041228.0,41.20425698,-8.5699179,183.5,227.3,6.75,13.0,9.0
289,290,14636,1479041221,966,1479041229.0,41.20423075,-8.56991975,183.7,224.6,6.0,13.0,9.0
290,291,14636,1479041222,957,1479041230.0,41.2042037,-8.56994492,183.5,223.6,5.5,13.0,9.0
291,292,14636,1479041223,939,1479041231.0,41.20416819,-8.56994788,183.6,220.0,5.0,13.0,9.0
292,293,14636,1479041224,967,1479041232.0,41.20421469,-8.56995512,184.4,228.4,3.5,13.0,9.0
293,294,14636,1479041225,938,1479041233.0,41.20418077,-8.56997834,184.2,224.7,3.5,13.0,9.0
294,295,14636,1479041226,957,1479041234.0,41.20420595,-8.57002669,184.0,238.5,3.0,13.0,9.0
295,296,14636,1479041227,941,1479041235.0,41.20421837,-8.57005059,184.0,244.9,2.75,13.0,9.0
296,297,14636,1479041228,932,1479041236.0,41.20420526,-8.57000108,184.2,224.8,1.75,13.0,9.0
297,298,14636,1479041229,932,1479041237.0,41.20421657,-8.57000507,184.2,227.9,1.25,13.0,9.0
298,299,14636,1479041230,938,1479041238.0,41.20423181,-8.57004132,185.0,257.2,1.25,13.0,8.0
299,300,14636,1479041231,951,1479041239.0,41.20422828,-8.57002591,184.9,248.4,1.0,13.0,8.0
300,301,14636,1479041232,939,1479041240.0,41.20421719,-8.57000633,184.5,248.4,0.75,13.0,8.0
301,302,14636,1479041233,944,1479041241.0,41.20420858,-8.56999136,184.4,248.4,0.75,13.0,8.0
302,303,14636,1479041234,941,1479041242.0,41.20419652,-8.5699777,184.0,157.7,0.75,13.0,8.0
303,304,14636,1479041236,460,1479041243.0,41.20419056,-8.56997026,184.8,160.2,0.75,13.0,8.0
304,305,14636,1479041237,31,1479041244.0,41.2041842,-8.5699532,184.5,143.0,0.75,12.0,-1.0
305,306,14636,1479041238,551,1479041245.0,41.20417492,-8.56993602,183.2,133.9,1.0,12.0,7.0
306,307,14636,1479041240,479,1479041247.0,41.20416118,-8.56992761,181.8,148.5,0.75,12.0,7.0
307,308,14636,1479041242,485,1479041249.0,41.20414255,-8.56992099,180.3,166.4,0.75,12.0,7.0
308,309,14636,1479041243,3,1479041250.0,41.20414,-8.569906,180.4,136.0,0.75,12.0,-1.0
309,310,14636,1479041244,492,1479041251.0,41.20414651,-8.5698923,180.2,111.3,0.75,12.0,7.0
310,311,14636,1479041245,97,1479041252.0,41.2041511,-8.5698927,179.5,101.0,0.75,12.0,-1.0
311,312,14636,1479041246,7,1479041253.0,41.20414462,-8.56989615,179.6,101.2,0.75,12.0,7.0
312,313,14636,1479041247,530,1479041254.0,41.20413848,-8.56989635,178.8,101.2,0.75,12.0,7.0
313,314,14636,1479041249,491,1479041256.0,41.20414582,-8.56989236,177.8,101.2,0.75,12.0,8.0
314,315,14636,1479041251,497,1479041258.0,41.20416463,-8.56992735,177.8,101.2,0.5,11.0,8.0
315,316,14636,1479041252,79,1479041259.0,41.2041707,-8.5699469,176.9,101.0,0.5,10.0,-1.0
316,317,14636,1479041253,30,1479041260.0,41.2041761,-8.56995895,177.6,101.2,0.25,10.0,8.0
317,318,14636,1479041254,566,1479041261.0,41.20418142,-8.56997598,177.8,10.0,8.0,,
318,319,14636,1479041256,479,1479041263.0,41.20418665,-8.56998465,178.1,10.0,8.0,,
319,320,14636,1479041257,17,1479041264.0,41.2041889,-8.5699897,178.1,10.0,-1.0,,
320,321,14636,1479041258,474,1479041265.0,41.20418973,-8.56999539,178.0,10.0,8.0,,
321,322,14636,1479041260,485,1479041267.0,41.2041863,-8.57001458,177.5,11.0,8.0,,
322,323,14636,1479041261,94,1479041268.0,41.2041842,-8.5700213,177.1,11.0,-1.0,,
323,324,14636,1479041262,31,1479041269.0,41.2041807,-8.57002955,176.7,12.0,8.0,,
324,325,14636,1479041263,531,1479041270.0,41.2041727,-8.57004739,176.6,239.0,1.5,12.0,9.0
325,326,14636,1479041265,480,1479041272.0,41.204102,-8.57016436,176.5,231.8,3.25,14.0,9.0
326,327,14636,1479041266,33,1479041273.0,41.2039507,-8.5704021,176.8,230.0,6.25,15.0,-1.0
327,328,14636,1479041267,498,1479041274.0,41.20384079,-8.57050557,177.0,226.2,7.5,15.0,9.0
328,329,14636,1479041269,515,1479041276.0,41.20359089,-8.57079046,176.6,222.8,10.5,16.0,9.0
329,330,14636,1479041270,950,1479041278.0,41.20335553,-8.57123508,176.0,230.0,13.75,15.0,9.0
330,331,14636,1479041272,499,1479041279.0,41.20329316,-8.57139009,177.8,230.8,13.75,15.0,9.0
331,332,14636,1479041274,479,1479041281.0,41.20312836,-8.57172913,176.0,232.2,14.5,14.0,9.0
332,333,14636,1479041276,493,1479041283.0,41.20291423,-8.57190524,176.1,225.6,14.0,15.0,8.0
333,334,14636,1479041278,37,1479041285.0,41.20271342,-8.57208622,182.3,221.2,13.75,15.0,8.0
334,335,14636,1479041279,36,1479041286.0,41.20260894,-8.57219985,180.9,220.6,14.0,15.0,8.0
335,336,14636,1479041279,957,1479041287.0,41.20253665,-8.5723038,180.0,221.8,13.75,16.0,8.0
336,337,14636,1479041281,530,1479041288.0,41.2024664,-8.57234565,179.3,220.1,13.0,16.0,8.0
337,338,14636,1479041283,517,1479041290.0,41.20231768,-8.5725018,178.5,219.6,12.25,15.0,8.0
338,339,14636,1479041284,1,1479041291.0,41.2022459,-8.5726,178.6,220.0,12.25,15.0,-1.0
339,340,14636,1479041285,505,1479041292.0,41.2021377,-8.57274779,178.5,221.2,12.75,15.0,8.0
340,341,14636,1479041286,69,1479041293.0,41.2020882,-8.5729104,179.4,225.0,12.75,15.0,-1.0
341,342,14636,1479041287,46,1479041294.0,41.20199537,-8.5729017,179.2,219.9,12.0,14.0,9.0
342,343,14636,1479041288,509,1479041295.0,41.20189243,-8.57300134,180.1,219.2,12.5,14.0,9.0
343,344,14636,1479041290,486,1479041297.0,41.20180049,-8.57307475,180.5,217.5,10.75,14.0,9.0
344,345,14636,1479041291,17,1479041298.0,41.2017504,-8.5732017,181.1,221.0,10.75,14.0,-1.0
345,346,14636,1479041292,519,1479041299.0,41.20169775,-8.57330902,181.5,224.0,10.75,14.0,9.0
346,347,14636,1479041293,74,1479041300.0,41.2015926,-8.5733576,181.6,219.0,10.75,14.0,-1.0
347,348,14636,1479041323,974,1479041331.0,41.19893254,-8.57572851,186.7,201.8,11.25,13.0,9.0
348,349,14636,1479041324,948,1479041332.0,41.19883808,-8.5757629,184.3,201.7,11.0,13.0,9.0
349,350,14636,1479041325,948,1479041333.0,41.19873856,-8.57576764,185.4,200.1,10.5,11.0,9.0
350,351,14636,1479041327,507,1479041334.0,41.19865603,-8.5757801,186.2,200.5,10.25,12.0,9.0
351,352,14636,1479041328,93,1479041335.0,41.1985833,-8.575828,186.8,203.0,9.75,12.0,-1.0
352,353,14636,1479041329,61,1479041336.0,41.19852566,-8.5758874,187.0,208.5,9.0,13.0,9.0
353,354,14636,1479041330,577,1479041337.0,41.19848263,-8.57594097,187.3,212.2,8.25,13.0,9.0
354,355,14636,1479041332,481,1479041339.0,41.19841841,-8.57594123,188.9,208.1,6.75,14.0,9.0
355,356,14636,1479041334,493,1479041341.0,41.19845131,-8.57588204,188.2,197.6,3.5,13.0,9.0
356,357,14636,1479041335,1,1479041342.0,41.1984397,-8.5758735,188.3,194.0,3.25,13.0,-1.0
357,358,14636,1479041336,567,1479041343.0,41.19840298,-8.57589288,189.4,194.2,3.75,14.0,9.0
358,359,14636,1479041337,114,1479041344.0,41.1983382,-8.5759043,189.8,190.0,4.25,14.0,-1.0
359,360,14636,1479041338,29,1479041345.0,41.19834243,-8.5758902,190.6,187.1,3.75,14.0,10.0
360,361,14636,1479041339,484,1479041346.0,41.19838405,-8.57585796,191.2,179.7,2.75,15.0,10.0
361,362,14636,1479041341,490,1479041348.0,41.19816294,-8.57595081,191.2,193.0,6.75,15.0,9.0
362,363,14636,1479041342,10,1479041349.0,41.1981243,-8.5759792,191.6,194.0,7.0,16.0,-1.0
363,364,14636,1479041343,502,1479041350.0,41.19806131,-8.57598548,191.7,193.2,7.25,16.0,9.0
364,365,14636,1479041344,993,1479041352.0,41.19784872,-8.57582107,193.2,178.7,8.5,15.0,9.0
365,366,14636,1479041346,507,1479041353.0,41.19779129,-8.57591728,194.6,186.0,8.25,14.0,9.0
366,367,14636,1479041348,473,1479041355.0,41.1975867,-8.57593089,195.0,185.5,9.0,15.0,9.0
367,368,14636,1479041350,515,1479041357.0,41.19737069,-8.57603244,194.6,191.8,9.75,12.0,9.0
368,369,14636,1479041351,46,1479041358.0,41.1972566,-8.5760493,195.8,191.0,9.75,12.0,-1.0
369,370,14636,1479041352,26,1479041359.0,41.19715562,-8.57613966,195.4,194.1,10.0,13.0,9.0
370,371,14636,1479041353,546,1479041360.0,41.19706239,-8.57615984,195.7,193.7,10.0,13.0,9.0
371,372,14636,1479041355,504,1479041362.0,41.1969123,-8.57626326,195.8,197.7,9.5,13.0,9.0
372,373,14636,1479041357,504,1479041364.0,41.19675113,-8.57631094,196.1,195.6,10.0,12.0,9.0
373,374,14636,1479041359,550,1479041366.0,41.19655698,-8.57629805,196.9,191.3,10.25,14.0,9.0
374,375,14636,1479041360,134,1479041367.0,41.1964749,-8.5763249,196.3,192.0,10.0,13.0,-1.0
375,376,14636,1479041361,6,1479041368.0,41.19640327,-8.57640489,197.1,197.2,10.0,13.0,9.0
376,377,14636,1479041362,556,1479041369.0,41.19631299,-8.57647606,196.3,200.2,10.0,13.0,9.0
377,378,14636,1479041364,554,1479041371.0,41.196041,-8.57663084,196.0,201.9,11.5,13.0,9.0
378,379,14636,1479041366,504,1479041373.0,41.19585989,-8.57675898,195.1,204.0,11.5,14.0,9.0
379,380,14636,1479041367,73,1479041374.0,41.1958208,-8.5767973,195.1,206.0,10.0,13.0,-1.0
380,381,14636,1479041368,31,1479041375.0,41.19576878,-8.57687973,194.9,212.2,9.5,11.0,8.0
381,382,14636,1479041369,546,1479041376.0,41.19568877,-8.57689176,193.7,210.6,9.5,12.0,8.0
382,383,14636,1479041371,491,1479041378.0,41.19550793,-8.57692065,194.7,206.8,9.5,13.0,8.0
383,384,14636,1479041372,14,1479041379.0,41.1954489,-8.5769075,195.8,204.0,8.75,14.0,-1.0
384,385,14636,1479041373,510,1479041380.0,41.19538218,-8.57699777,196.2,208.1,9.0,14.0,8.0
385,386,14636,1479041374,50,1479041381.0,41.1953267,-8.5769854,195.8,204.0,8.25,14.0,-1.0
386,387,14636,1479041375,526,1479041382.0,41.19524674,-8.57704921,195.9,205.4,8.5,14.0,8.0
387,388,14636,1479041377,50,1479041384.0,41.19528778,-8.57699379,196.1,209.6,3.75,14.0,8.0
388,389,14636,1479041378,529,1479041385.0,41.19524667,-8.57699482,195.2,206.0,3.75,15.0,8.0
389,390,14636,1479041380,484,1479041387.0,41.19526462,-8.5769859,195.7,207.1,1.5,15.0,8.0
390,391,14636,1479041382,495,1479041389.0,41.19523567,-8.57701365,195.2,206.9,1.75,16.0,8.0
391,392,14636,1479041384,528,1479041391.0,41.19514219,-8.57714411,196.2,210.2,3.75,18.0,8.0
392,393,14636,1479041385,953,1479041393.0,41.19504114,-8.57737804,196.2,219.6,5.25,18.0,8.0
393,394,14636,1479041386,965,1479041394.0,41.19498889,-8.57740953,196.0,216.7,5.5,20.0,8.0
394,395,14636,1479041387,998,1479041395.0,41.19498842,-8.57741878,196.1,221.7,4.5,22.0,8.0
395,396,14636,1479041388,958,1479041396.0,41.1949752,-8.57746732,196.3,227.3,4.25,22.0,8.0
396,397,14636,1479041389,953,1479041397.0,41.19496144,-8.57749937,196.3,231.0,4.0,25.0,8.0
397,398,14636,1479041390,952,1479041398.0,41.19494039,-8.57754281,196.3,233.9,4.0,25.0,8.0
398,399,14636,1479041391,960,1479041399.0,41.19493655,-8.57758794,196.4,238.5,4.0,28.0,8.0
399,400,14636,1479041392,972,1479041400.0,41.19491811,-8.57735053,196.3,192.7,2.0,19.0,8.0
400,401,14636,1479041393,965,1479041401.0,41.19488158,-8.57722919,198.1,181.9,2.5,15.0,8.0
401,402,14636,1479041394,952,1479041402.0,41.19486465,-8.57725001,196.5,111.4,3.25,13.0,8.0
402,403,14636,1479041395,952,1479041403.0,41.19485095,-8.57718949,194.9,107.6,5.5,12.0,8.0
403,404,14636,1479041396,960,1479041404.0,41.19484731,-8.5770901,194.8,109.0,6.75,12.0,8.0
404,405,14636,1479041397,971,1479041405.0,41.19483772,-8.57703982,195.5,110.6,7.0,12.0,8.0
405,406,14636,1479041398,970,1479041406.0,41.19478666,-8.57695968,194.6,119.5,9.5,11.0,8.0
406,407,14636,1479041399,954,1479041407.0,41.19473438,-8.57685634,195.7,120.4,10.25,11.0,8.0
407,408,14636,1479041400,953,1479041408.0,41.19469782,-8.57676658,195.8,117.5,9.75,11.0,8.0
408,409,14636,1479041401,961,1479041409.0,41.19467588,-8.57667281,196.7,122.2,9.25,11.0,9.0
409,410,14636,1479041403,39,1479041410.0,41.19464733,-8.57659817,197.1,123.6,7.25,11.0,9.0
410,411,14636,1479041403,967,1479041411.0,41.19461513,-8.57655139,197.7,139.1,5.0,11.0,9.0
411,412,14636,1479041404,953,1479041412.0,41.19456644,-8.57654626,197.8,167.3,5.25,11.0,9.0
412,413,14636,1479041405,958,1479041413.0,41.19453343,-8.57653551,196.8,168.1,5.25,11.0,9.0
413,414,14636,1479041406,980,1479041414.0,41.19449012,-8.57652353,197.0,168.7,5.0,12.0,9.0
414,415,14636,1479041407,974,1479041415.0,41.19442248,-8.57652203,196.6,173.1,5.5,12.0,9.0
415,416,14636,1479041408,955,1479041416.0,41.19437937,-8.57654686,196.3,180.9,5.75,13.0,9.0
416,417,14636,1479041409,978,1479041417.0,41.19433497,-8.57660306,196.8,191.7,5.75,13.0,9.0
417,418,14636,1479041410,997,1479041418.0,41.19429835,-8.57669705,197.3,204.6,6.25,14.0,9.0
418,419,14636,1479041411,962,1479041419.0,41.1942544,-8.57675566,197.7,208.6,6.25,15.0,9.0
419,420,14636,1479041412,973,1479041420.0,41.19420845,-8.5767893,197.5,208.9,6.25,16.0,9.0
420,421,14636,1479041413,963,1479041421.0,41.19416027,-8.57689326,197.6,215.5,6.75,16.0,9.0
421,422,14636,1479041414,954,1479041422.0,41.19408477,-8.57694266,197.3,214.4,7.25,17.0,9.0
422,423,14636,1479041415,962,1479041423.0,41.19403902,-8.57720003,196.7,227.2,9.0,17.0,9.0
423,424,14636,1479041416,962,1479041424.0,41.19401408,-8.57748766,195.2,235.8,10.5,15.0,10.0
424,425,14636,1479041417,988,1479041425.0,41.19395151,-8.57756618,195.4,234.1,10.25,15.0,10.0
425,426,14636,1479041418,27,1479041425.0,41.1939515,-8.5775662,195.4,234.0,10.25,15.0,-1.0
426,427,14636,1479041419,55,1479041426.0,41.19391595,-8.57764043,195.4,234.7,9.75,15.0,10.0
427,428,14636,1479041419,972,1479041427.0,41.19387999,-8.57770377,194.9,236.0,9.0,14.0,10.0
428,429,14636,1479041420,7,1479041427.0,41.19388,-8.5777038,194.9,236.0,9.0,14.0,-1.0
429,430,14636,1479041421,40,1479041428.0,41.19383756,-8.57772881,195.8,233.5,8.25,14.0,10.0
430,431,14636,1479041421,958,1479041429.0,41.19383878,-8.5776645,196.4,234.8,5.75,14.0,10.0
431,432,14636,1479041422,981,1479041430.0,41.19389783,-8.57764325,197.4,255.7,3.5,14.0,10.0
432,433,14636,1479041423,4,1479041430.0,41.1938978,-8.5776432,197.4,255.0,3.5,14.0,-1.0
433,434,14636,1479041424,492,1479041431.0,41.19390028,-8.57765605,198.2,264.4,2.75,13.0,10.0
434,435,14636,1479041425,19,1479041432.0,41.1939011,-8.5776177,199.6,276.0,1.0,11.0,-1.0
435,436,14636,1479041426,61,1479041433.0,41.19388611,-8.57761791,198.7,279.3,0.75,11.0,9.0
